test_id,rate_hz,seq,station_id,sent_at,elapsed_s,generation_delta_time,payload_bytes,raw_hex,tx_ok,tx_ack,tx_latency_ms,serial_error
2724,10,1,2856321025,2026-07-14T15:00:11.977034+00:00,0.000378,53321,41,0202aa400001d049005a5811460e29efbf1ffffffc2246cd1e00000fc0007ebfe9ed0737feebfff600,1,TX 41 seq=6011 rx_latency=1ms tx_dur=1ms,15.857,
2724,10,2,2856321026,2026-07-14T15:00:18.018885+00:00,6.042166,59362,41,0202aa400002e7e2005a5811460e29efbf1ffffffc2246cd1e00000fc0007ebfe9ed0737feebfff600,1,TX 41 seq=6012 rx_latency=1ms tx_dur=1ms,21.076,
2724,10,3,2856321027,2026-07-14T15:00:18.040814+00:00,6.064074,59384,41,0202aa400003e7f8005a5811460e29efbf1ffffffc2246cd1e00000fc0007ebfe9ed0737feebfff600,1,TX 41 seq=6013 rx_latency=1ms tx_dur=1ms,21.611,
2724,10,4,2856321028,2026-07-14T15:00:18.063139+00:00,6.086396,59407,41,0202aa400004e80f005a5811460e29efbf1ffffffc2246cd1e00000fc0007ebfe9ed0737feebfff600,1,TX 41 seq=6014 rx_latency=1ms tx_dur=1ms,20.831,
2724,10,5,2856321029,2026-07-14T15:00:18.084685+00:00,6.107941,59428,41,0202aa400005e824005a5811460e29efbf1ffffffc2246cd1e00000fc0007ebfe9ed0737feebfff600,1,TX 41 seq=6015 rx_latency=1ms tx_dur=1ms,22.088,
2724,10,6,2856321030,2026-07-14T15:00:18.107497+00:00,6.130757,59451,41,0202aa400006e83b005a5811460e29efbf1ffffffc2246cd1e00000fc0007ebfe9ed0737feebfff600,1,TX 41 seq=6016 rx_latency=1ms tx_dur=1ms,20.493,
2724,10,7,2856321031,2026-07-14T15:00:18.128766+00:00,6.152022,59472,41,0202aa400007e850005a5811460e29efbf1ffffffc2246cd1e00000fc0007ebfe9ed0737feebfff600,1,TX 41 seq=6017 rx_latency=1ms tx_dur=1ms,21.995,
2724,10,8,2856321032,2026-07-14T15:00:18.151466+00:00,6.174720,59495,41,0202aa400008e867005a5811460e29efbf1ffffffc2246cd1e00000fc0007ebfe9ed0737feebfff600,1,TX 41 seq=6018 rx_latency=1ms tx_dur=1ms,21.424,
2724,10,9,2856321033,2026-07-14T15:00:18.173619+00:00,6.196875,59517,41,0202aa400009e87d005a5811460e29efbf1ffffffc2246cd1e00000fc0007ebfe9ed0737feebfff600,1,TX 41 seq=6019 rx_latency=1ms tx_dur=1ms,20.892,
2724,10,10,2856321034,2026-07-14T15:00:18.195216+00:00,6.218472,59539,41,0202aa40000ae893005a5811460e29efbf1ffffffc2246cd1e00000fc0007ebfe9ed0737feebfff600,1,TX 41 seq=6020 rx_latency=1ms tx_dur=1ms,21.444,
2724,10,11,2856321035,2026-07-14T15:00:18.217360+00:00,6.240615,59561,41,0202aa40000be8a9005a5811460e29efbf1ffffffc2246cd1e00000fc0007ebfe9ed0737feebfff600,1,TX 41 seq=6021 rx_latency=1ms tx_dur=1ms,20.836,
2724,10,12,2856321036,2026-07-14T15:00:18.238890+00:00,6.262144,59582,41,0202aa40000ce8be005a5811460e29efbf1ffffffc2246cd1e00000fc0007ebfe9ed0737feebfff600,1,TX 41 seq=6022 rx_latency=1ms tx_dur=1ms,21.686,
2724,10,13,2856321037,2026-07-14T15:00:18.261261+00:00,6.284515,59605,41,0202aa40000de8d5005a5811460e29efbf1ffffffc2246cd1e00000fc0007ebfe9ed0737feebfff600,1,TX 41 seq=6023 rx_latency=1ms tx_dur=1ms,20.928,
2724,10,14,2856321038,2026-07-14T15:00:18.282866+00:00,6.306120,59626,41,0202aa40000ee8ea005a5811460e29efbf1ffffffc2246cd1e00000fc0007ebfe9ed0737feebfff600,1,TX 41 seq=6024 rx_latency=1ms tx_dur=1ms,21.467,
2724,10,15,2856321039,2026-07-14T15:00:18.305006+00:00,6.328260,59648,41,0202aa40000fe900005a5811460e29efbf1ffffffc2246cd1e00000fc0007ebfe9ed0737feebfff600,1,TX 41 seq=6025 rx_latency=1ms tx_dur=1ms,21.002,
2724,10,16,2856321040,2026-07-14T15:00:18.326743+00:00,6.350011,59670,41,0202aa400010e916005a5811460e29efbf1ffffffc2246cd1e00000fc0007ebfe9ed0737feebfff600,1,TX 41 seq=6026 rx_latency=1ms tx_dur=1ms,21.254,
2724,10,17,2856321041,2026-07-14T15:00:18.348770+00:00,6.372026,59692,41,0202aa400011e92c005a5811460e29efbf1ffffffc2246cd1e00000fc0007ebfe9ed0737feebfff600,1,TX 41 seq=6027 rx_latency=1ms tx_dur=1ms,22.014,
2724,10,18,2856321042,2026-07-14T15:00:18.371494+00:00,6.394750,59715,41,0202aa400012e943005a5811460e29efbf1ffffffc2246cd1e00000fc0007ebfe9ed0737feebfff600,1,TX 41 seq=6028 rx_latency=1ms tx_dur=1ms,21.390,
2724,10,19,2856321043,2026-07-14T15:00:18.393636+00:00,6.416891,59737,41,0202aa400013e959005a5811460e29efbf1ffffffc2246cd1e00000fc0007ebfe9ed0737feebfff600,1,TX 41 seq=6029 rx_latency=1ms tx_dur=1ms,20.906,
2724,10,20,2856321044,2026-07-14T15:00:18.415246+00:00,6.438504,59759,41,0202aa400014e96f005a5811460e29efbf1ffffffc2246cd1e00000fc0007ebfe9ed0737feebfff600,1,TX 41 seq=6030 rx_latency=1ms tx_dur=1ms,21.451,
2724,10,21,2856321045,2026-07-14T15:00:18.437437+00:00,6.460696,59781,41,0202aa400015e985005a5811460e29efbf1ffffffc2246cd1e00000fc0007ebfe9ed0737feebfff600,1,TX 41 seq=6031 rx_latency=1ms tx_dur=1ms,20.752,
2724,10,22,2856321046,2026-07-14T15:00:18.458908+00:00,6.482163,59802,41,0202aa400016e99a005a5811460e29efbf1ffffffc2246cd1e00000fc0007ebfe9ed0737feebfff600,1,TX 41 seq=6032 rx_latency=1ms tx_dur=1ms,21.681,
2724,10,23,2856321047,2026-07-14T15:00:18.481289+00:00,6.504543,59825,41,0202aa400017e9b1005a5811460e29efbf1ffffffc2246cd1e00000fc0007ebfe9ed0737feebfff600,1,TX 41 seq=6033 rx_latency=1ms tx_dur=1ms,20.915,
2724,10,24,2856321048,2026-07-14T15:00:18.502894+00:00,6.526148,59846,41,0202aa400018e9c6005a5811460e29efbf1ffffffc2246cd1e00000fc0007ebfe9ed0737feebfff600,1,TX 41 seq=6034 rx_latency=1ms tx_dur=1ms,21.469,
2724,10,25,2856321049,2026-07-14T15:00:18.525042+00:00,6.548296,59869,41,0202aa400019e9dd005a5811460e29efbf1ffffffc2246cd1e00000fc0007ebfe9ed0737feebfff600,1,TX 41 seq=6035 rx_latency=1ms tx_dur=1ms,20.930,
2724,10,26,2856321050,2026-07-14T15:00:18.546653+00:00,6.569905,59890,41,0202aa40001ae9f2005a5811460e29efbf1ffffffc2246cd1e00000fc0007ebfe9ed0737feebfff600,1,TX 41 seq=6036 rx_latency=1ms tx_dur=1ms,21.469,
2724,10,27,2856321051,2026-07-14T15:00:18.568835+00:00,6.592098,59912,41,0202aa40001bea08005a5811460e29efbf1ffffffc2246cd1e00000fc0007ebfe9ed0737feebfff600,1,TX 41 seq=6037 rx_latency=1ms tx_dur=1ms,21.632,
2724,10,28,2856321052,2026-07-14T15:00:18.591216+00:00,6.614473,59935,41,0202aa40001cea1f005a5811460e29efbf1ffffffc2246cd1e00000fc0007ebfe9ed0737feebfff600,1,TX 41 seq=6038 rx_latency=1ms tx_dur=1ms,20.784,
2724,10,29,2856321053,2026-07-14T15:00:18.612696+00:00,6.635951,59956,41,0202aa40001dea34005a5811460e29efbf1ffffffc2246cd1e00000fc0007ebfe9ed0737feebfff600,1,TX 41 seq=6039 rx_latency=1ms tx_dur=1ms,22.151,
2724,10,30,2856321054,2026-07-14T15:00:18.635532+00:00,6.658787,59979,41,0202aa40001eea4b005a5811460e29efbf1ffffffc2246cd1e00000fc0007ebfe9ed0737feebfff600,1,TX 41 seq=6040 rx_latency=1ms tx_dur=1ms,20.537,
2724,10,31,2856321055,2026-07-14T15:00:18.656816+00:00,6.680071,60000,41,0202aa40001fea60005a5811460e29efbf1ffffffc2246cd1e00000fc0007ebfe9ed0737feebfff600,1,TX 41 seq=6041 rx_latency=1ms tx_dur=1ms,22.038,
2724,10,32,2856321056,2026-07-14T15:00:18.679543+00:00,6.702797,60023,41,0202aa400020ea77005a5811460e29efbf1ffffffc2246cd1e00000fc0007ebfe9ed0737feebfff600,1,TX 41 seq=6042 rx_latency=1ms tx_dur=1ms,21.399,
2724,10,33,2856321057,2026-07-14T15:00:18.701672+00:00,6.724926,60045,41,0202aa400021ea8d005a5811460e29efbf1ffffffc2246cd1e00000fc0007ebfe9ed0737feebfff600,1,TX 41 seq=6043 rx_latency=1ms tx_dur=1ms,20.611,
2724,10,34,2856321058,2026-07-14T15:00:18.722959+00:00,6.746214,60066,41,0202aa400022eaa2005a5811460e29efbf1ffffffc2246cd1e00000fc0007ebfe9ed0737feebfff600,1,TX 41 seq=6044 rx_latency=1ms tx_dur=1ms,21.924,
2724,10,35,2856321059,2026-07-14T15:00:18.745563+00:00,6.768817,60089,41,0202aa400023eab9005a5811460e29efbf1ffffffc2246cd1e00000fc0007ebfe9ed0737feebfff600,1,TX 41 seq=6045 rx_latency=1ms tx_dur=1ms,20.929,
2724,10,36,2856321060,2026-07-14T15:00:18.767173+00:00,6.790427,60111,41,0202aa400024eacf005a5811460e29efbf1ffffffc2246cd1e00000fc0007ebfe9ed0737feebfff600,1,TX 41 seq=6046 rx_latency=1ms tx_dur=1ms,21.499,
2724,10,37,2856321061,2026-07-14T15:00:18.789346+00:00,6.812601,60133,41,0202aa400025eae5005a5811460e29efbf1ffffffc2246cd1e00000fc0007ebfe9ed0737feebfff600,1,TX 41 seq=6047 rx_latency=1ms tx_dur=1ms,20.904,
2724,10,38,2856321062,2026-07-14T15:00:18.810932+00:00,6.834186,60154,41,0202aa400026eafa005a5811460e29efbf1ffffffc2246cd1e00000fc0007ebfe9ed0737feebfff600,1,TX 41 seq=6048 rx_latency=1ms tx_dur=1ms,21.490,
2724,10,39,2856321063,2026-07-14T15:00:18.833110+00:00,6.856369,60177,41,0202aa400027eb11005a5811460e29efbf1ffffffc2246cd1e00000fc0007ebfe9ed0737feebfff600,1,TX 41 seq=6049 rx_latency=1ms tx_dur=1ms,20.881,
2724,10,40,2856321064,2026-07-14T15:00:18.854719+00:00,6.877974,60198,41,0202aa400028eb26005a5811460e29efbf1ffffffc2246cd1e00000fc0007ebfe9ed0737feebfff600,1,TX 41 seq=6050 rx_latency=1ms tx_dur=1ms,21.424,
2724,10,41,2856321065,2026-07-14T15:00:18.876834+00:00,6.900088,60220,41,0202aa400029eb3c005a5811460e29efbf1ffffffc2246cd1e00000fc0007ebfe9ed0737feebfff600,1,TX 41 seq=6051 rx_latency=1ms tx_dur=1ms,22.034,
2724,10,42,2856321066,2026-07-14T15:00:18.899551+00:00,6.922804,60243,41,0202aa40002aeb53005a5811460e29efbf1ffffffc2246cd1e00000fc0007ebfe9ed0737feebfff600,1,TX 41 seq=6052 rx_latency=1ms tx_dur=1ms,21.409,
2724,10,43,2856321067,2026-07-14T15:00:18.921694+00:00,6.944947,60265,41,0202aa40002beb69005a5811460e29efbf1ffffffc2246cd1e00000fc0007ebfe9ed0737feebfff600,1,TX 41 seq=6053 rx_latency=1ms tx_dur=1ms,20.608,
2724,10,44,2856321068,2026-07-14T15:00:18.942982+00:00,6.966236,60286,41,0202aa40002ceb7e005a5811460e29efbf1ffffffc2246cd1e00000fc0007ebfe9ed0737feebfff600,1,TX 41 seq=6054 rx_latency=1ms tx_dur=1ms,21.932,
2724,10,45,2856321069,2026-07-14T15:00:18.965595+00:00,6.988849,60309,41,0202aa40002deb95005a5811460e29efbf1ffffffc2246cd1e00000fc0007ebfe9ed0737feebfff600,1,TX 41 seq=6055 rx_latency=1ms tx_dur=1ms,20.933,
2724,10,46,2856321070,2026-07-14T15:00:18.987205+00:00,7.010460,60331,41,0202aa40002eebab005a5811460e29efbf1ffffffc2246cd1e00000fc0007ebfe9ed0737feebfff600,1,TX 41 seq=6056 rx_latency=1ms tx_dur=1ms,21.474,
2724,10,47,2856321071,2026-07-14T15:00:19.009354+00:00,7.032607,60353,41,0202aa40002febc1005a5811460e29efbf1ffffffc2246cd1e00000fc0007ebfe9ed0737feebfff600,1,TX 41 seq=6057 rx_latency=1ms tx_dur=1ms,20.920,
2724,10,48,2856321072,2026-07-14T15:00:19.030962+00:00,7.054215,60374,41,0202aa400030ebd6005a5811460e29efbf1ffffffc2246cd1e00000fc0007ebfe9ed0737feebfff600,1,TX 41 seq=6058 rx_latency=1ms tx_dur=1ms,21.467,
2724,10,49,2856321073,2026-07-14T15:00:19.053104+00:00,7.076357,60397,41,0202aa400031ebed005a5811460e29efbf1ffffffc2246cd1e00000fc0007ebfe9ed0737feebfff600,1,TX 41 seq=6059 rx_latency=1ms tx_dur=1ms,20.933,
2724,10,50,2856321074,2026-07-14T15:00:19.074719+00:00,7.097972,60418,41,0202aa400032ec02005a5811460e29efbf1ffffffc2246cd1e00000fc0007ebfe9ed0737feebfff600,1,TX 41 seq=6060 rx_latency=1ms tx_dur=1ms,21.466,
2724,10,51,2856321075,2026-07-14T15:00:19.096856+00:00,7.120108,60440,41,0202aa400033ec18005a5811460e29efbf1ffffffc2246cd1e00000fc0007ebfe9ed0737feebfff600,1,TX 41 seq=6061 rx_latency=1ms tx_dur=1ms,22.051,
2724,10,52,2856321076,2026-07-14T15:00:19.119576+00:00,7.142828,60463,41,0202aa400034ec2f005a5811460e29efbf1ffffffc2246cd1e00000fc0007ebfe9ed0737feebfff600,1,TX 41 seq=6062 rx_latency=1ms tx_dur=1ms,21.440,
2724,10,53,2856321077,2026-07-14T15:00:19.141741+00:00,7.164994,60485,41,0202aa400035ec45005a5811460e29efbf1ffffffc2246cd1e00000fc0007ebfe9ed0737feebfff600,1,TX 41 seq=6063 rx_latency=1ms tx_dur=1ms,20.590,
2724,10,54,2856321078,2026-07-14T15:00:19.163026+00:00,7.186281,60507,41,0202aa400036ec5b005a5811460e29efbf1ffffffc2246cd1e00000fc0007ebfe9ed0737feebfff600,1,TX 41 seq=6064 rx_latency=1ms tx_dur=1ms,21.908,
2724,10,55,2856321079,2026-07-14T15:00:19.185617+00:00,7.208871,60529,41,0202aa400037ec71005a5811460e29efbf1ffffffc2246cd1e00000fc0007ebfe9ed0737feebfff600,1,TX 41 seq=6065 rx_latency=1ms tx_dur=1ms,20.785,
2724,10,56,2856321080,2026-07-14T15:00:19.206995+00:00,7.230227,60550,41,0202aa400038ec86005a5811460e29efbf1ffffffc2246cd1e00000fc0007ebfe9ed0737feebfff600,1,TX 41 seq=6066 rx_latency=1ms tx_dur=1ms,21.562,
2724,10,57,2856321081,2026-07-14T15:00:19.228799+00:00,7.252031,60572,41,0202aa400039ec9c005a5811460e29efbf1ffffffc2246cd1e00000fc0007ebfe9ed0737feebfff600,1,TX 41 seq=6067 rx_latency=1ms tx_dur=1ms,22.466,
2724,10,58,2856321082,2026-07-14T15:00:19.251508+00:00,7.274741,60595,41,0202aa40003aecb3005a5811460e29efbf1ffffffc2246cd1e00000fc0007ebfe9ed0737feebfff600,1,TX 41 seq=6068 rx_latency=1ms tx_dur=1ms,21.119,
2724,10,59,2856321083,2026-07-14T15:00:19.272877+00:00,7.296110,60616,41,0202aa40003becc8005a5811460e29efbf1ffffffc2246cd1e00000fc0007ebfe9ed0737feebfff600,1,TX 41 seq=6069 rx_latency=1ms tx_dur=1ms,21.712,
2724,10,60,2856321084,2026-07-14T15:00:19.294855+00:00,7.318089,60638,41,0202aa40003cecde005a5811460e29efbf1ffffffc2246cd1e00000fc0007ebfe9ed0737feebfff600,1,TX 41 seq=6070 rx_latency=1ms tx_dur=1ms,21.651,
2724,10,61,2856321085,2026-07-14T15:00:19.316823+00:00,7.340059,60660,41,0202aa40003decf4005a5811460e29efbf1ffffffc2246cd1e00000fc0007ebfe9ed0737feebfff600,1,TX 41 seq=6071 rx_latency=1ms tx_dur=1ms,22.272,
2724,10,62,2856321086,2026-07-14T15:00:19.339424+00:00,7.362668,60683,41,0202aa40003eed0b005a5811460e29efbf1ffffffc2246cd1e00000fc0007ebfe9ed0737feebfff600,1,TX 41 seq=6072 rx_latency=1ms tx_dur=1ms,20.997,
2724,10,63,2856321087,2026-07-14T15:00:19.360757+00:00,7.383999,60704,41,0202aa40003fed20005a5811460e29efbf1ffffffc2246cd1e00000fc0007ebfe9ed0737feebfff600,1,TX 41 seq=6073 rx_latency=1ms tx_dur=1ms,22.385,
2724,10,64,2856321088,2026-07-14T15:00:19.383464+00:00,7.406706,60727,41,0202aa400040ed37005a5811460e29efbf1ffffffc2246cd1e00000fc0007ebfe9ed0737feebfff600,1,TX 41 seq=6074 rx_latency=1ms tx_dur=1ms,21.008,
2724,10,65,2856321089,2026-07-14T15:00:19.404779+00:00,7.428014,60748,41,0202aa400041ed4c005a5811460e29efbf1ffffffc2246cd1e00000fc0007ebfe9ed0737feebfff600,1,TX 41 seq=6075 rx_latency=1ms tx_dur=1ms,22.295,
2724,10,66,2856321090,2026-07-14T15:00:19.427341+00:00,7.450573,60771,41,0202aa400042ed63005a5811460e29efbf1ffffffc2246cd1e00000fc0007ebfe9ed0737feebfff600,1,TX 41 seq=6076 rx_latency=1ms tx_dur=1ms,21.127,
2724,10,67,2856321091,2026-07-14T15:00:19.448726+00:00,7.471964,60792,41,0202aa400043ed78005a5811460e29efbf1ffffffc2246cd1e00000fc0007ebfe9ed0737feebfff600,1,TX 41 seq=6077 rx_latency=1ms tx_dur=1ms,22.416,
2724,10,68,2856321092,2026-07-14T15:00:19.471414+00:00,7.494646,60815,41,0202aa400044ed8f005a5811460e29efbf1ffffffc2246cd1e00000fc0007ebfe9ed0737feebfff600,1,TX 41 seq=6078 rx_latency=1ms tx_dur=1ms,21.116,
2724,10,69,2856321093,2026-07-14T15:00:19.492777+00:00,7.516009,60836,41,0202aa400045eda4005a5811460e29efbf1ffffffc2246cd1e00000fc0007ebfe9ed0737feebfff600,1,TX 41 seq=6079 rx_latency=1ms tx_dur=1ms,22.325,
2724,10,70,2856321094,2026-07-14T15:00:19.515348+00:00,7.538580,60859,41,0202aa400046edbb005a5811460e29efbf1ffffffc2246cd1e00000fc0007ebfe9ed0737feebfff600,1,TX 41 seq=6080 rx_latency=1ms tx_dur=1ms,21.116,
2724,10,71,2856321095,2026-07-14T15:00:19.536709+00:00,7.559941,60880,41,0202aa400047edd0005a5811460e29efbf1ffffffc2246cd1e00000fc0007ebfe9ed0737feebfff600,1,TX 41 seq=6081 rx_latency=1ms tx_dur=1ms,22.467,
2724,10,72,2856321096,2026-07-14T15:00:19.559424+00:00,7.582656,60903,41,0202aa400048ede7005a5811460e29efbf1ffffffc2246cd1e00000fc0007ebfe9ed0737feebfff600,1,TX 41 seq=6082 rx_latency=1ms tx_dur=1ms,21.121,
2724,10,73,2856321097,2026-07-14T15:00:19.580796+00:00,7.604029,60924,41,0202aa400049edfc005a5811460e29efbf1ffffffc2246cd1e00000fc0007ebfe9ed0737feebfff600,1,TX 41 seq=6083 rx_latency=1ms tx_dur=1ms,22.314,
2724,10,74,2856321098,2026-07-14T15:00:19.603358+00:00,7.626590,60947,41,0202aa40004aee13005a5811460e29efbf1ffffffc2246cd1e00000fc0007ebfe9ed0737feebfff600,1,TX 41 seq=6084 rx_latency=1ms tx_dur=1ms,21.122,
2724,10,75,2856321099,2026-07-14T15:00:19.624721+00:00,7.647952,60968,41,0202aa40004bee28005a5811460e29efbf1ffffffc2246cd1e00000fc0007ebfe9ed0737feebfff600,1,TX 41 seq=6085 rx_latency=1ms tx_dur=1ms,22.470,
2724,10,76,2856321100,2026-07-14T15:00:19.647431+00:00,7.670662,60991,41,0202aa40004cee3f005a5811460e29efbf1ffffffc2246cd1e00000fc0007ebfe9ed0737feebfff600,1,TX 41 seq=6086 rx_latency=1ms tx_dur=1ms,21.243,
2724,10,77,2856321101,2026-07-14T15:00:19.668987+00:00,7.692238,61012,41,0202aa40004dee54005a5811460e29efbf1ffffffc2246cd1e00000fc0007ebfe9ed0737feebfff600,1,TX 41 seq=6087 rx_latency=1ms tx_dur=1ms,22.047,
2724,10,78,2856321102,2026-07-14T15:00:19.691399+00:00,7.714635,61035,41,0202aa40004eee6b005a5811460e29efbf1ffffffc2246cd1e00000fc0007ebfe9ed0737feebfff600,1,TX 41 seq=6088 rx_latency=1ms tx_dur=1ms,21.081,
2724,10,79,2856321103,2026-07-14T15:00:19.776848+00:00,7.800081,61120,41,0202aa40004feec0005a5811460e29efbf1ffffffc2246cd1e00000fc0007ebfe9ed0737feebfff600,1,TX 41 seq=6089 rx_latency=1ms tx_dur=1ms,18.081,
2724,10,80,2856321104,2026-07-14T15:00:19.876826+00:00,7.900066,61220,41,0202aa400050ef24005a5811460e29efbf1ffffffc2246cd1e00000fc0007ebfe9ed0737feebfff600,1,TX 41 seq=6090 rx_latency=1ms tx_dur=1ms,19.736,
2724,10,81,2856321105,2026-07-14T15:00:19.976849+00:00,8.000084,61320,41,0202aa400051ef88005a5811460e29efbf1ffffffc2246cd1e00000fc0007ebfe9ed0737feebfff600,1,TX 41 seq=6091 rx_latency=1ms tx_dur=1ms,22.307,
2724,10,82,2856321106,2026-07-14T15:00:20.076794+00:00,8.100027,61420,41,0202aa400052efec005a5811460e29efbf1ffffffc2246cd1e00000fc0007ebfe9ed0737feebfff600,1,TX 41 seq=6092 rx_latency=1ms tx_dur=1ms,14.399,
2724,10,83,2856321107,2026-07-14T15:00:20.176865+00:00,8.200124,61520,41,0202aa400053f050005a5811460e29efbf1ffffffc2246cd1e00000fc0007ebfe9ed0737feebfff600,1,TX 41 seq=6093 rx_latency=1ms tx_dur=1ms,15.896,
2724,10,84,2856321108,2026-07-14T15:00:20.276882+00:00,8.300145,61620,41,0202aa400054f0b4005a5811460e29efbf1ffffffc2246cd1e00000fc0007ebfe9ed0737feebfff600,1,TX 41 seq=6094 rx_latency=1ms tx_dur=1ms,17.591,
2724,10,85,2856321109,2026-07-14T15:00:20.376884+00:00,8.400147,61720,41,0202aa400055f118005a5811460e29efbf1ffffffc2246cd1e00000fc0007ebfe9ed0737feebfff600,1,TX 41 seq=6095 rx_latency=1ms tx_dur=1ms,20.060,
2724,10,86,2856321110,2026-07-14T15:00:20.476883+00:00,8.500148,61820,41,0202aa400056f17c005a5811460e29efbf1ffffffc2246cd1e00000fc0007ebfe9ed0737feebfff600,1,TX 41 seq=6096 rx_latency=1ms tx_dur=1ms,21.536,
2724,10,87,2856321111,2026-07-14T15:00:20.576890+00:00,8.600162,61920,41,0202aa400057f1e0005a5811460e29efbf1ffffffc2246cd1e00000fc0007ebfe9ed0737feebfff600,1,TX 41 seq=6097 rx_latency=1ms tx_dur=1ms,23.122,
2724,10,88,2856321112,2026-07-14T15:00:20.676887+00:00,8.700153,62020,41,0202aa400058f244005a5811460e29efbf1ffffffc2246cd1e00000fc0007ebfe9ed0737feebfff600,1,TX 41 seq=6098 rx_latency=1ms tx_dur=1ms,16.746,
2724,10,89,2856321113,2026-07-14T15:00:20.776882+00:00,8.800144,62120,41,0202aa400059f2a8005a5811460e29efbf1ffffffc2246cd1e00000fc0007ebfe9ed0737feebfff600,1,TX 41 seq=6099 rx_latency=1ms tx_dur=1ms,17.156,
2724,10,90,2856321114,2026-07-14T15:00:20.876868+00:00,8.900126,62220,41,0202aa40005af30c005a5811460e29efbf1ffffffc2246cd1e00000fc0007ebfe9ed0737feebfff600,1,TX 41 seq=6100 rx_latency=1ms tx_dur=1ms,19.907,
2724,10,91,2856321115,2026-07-14T15:00:20.976881+00:00,9.000141,62320,41,0202aa40005bf370005a5811460e29efbf1ffffffc2246cd1e00000fc0007ebfe9ed0737feebfff600,1,TX 41 seq=6101 rx_latency=1ms tx_dur=1ms,21.367,
2724,10,92,2856321116,2026-07-14T15:00:21.076882+00:00,9.100143,62420,41,0202aa40005cf3d4005a5811460e29efbf1ffffffc2246cd1e00000fc0007ebfe9ed0737feebfff600,1,TX 41 seq=6102 rx_latency=1ms tx_dur=1ms,23.764,
2724,10,93,2856321117,2026-07-14T15:00:21.176883+00:00,9.200141,62520,41,0202aa40005df438005a5811460e29efbf1ffffffc2246cd1e00000fc0007ebfe9ed0737feebfff600,1,TX 41 seq=6103 rx_latency=1ms tx_dur=1ms,15.789,
2724,10,94,2856321118,2026-07-14T15:00:21.276887+00:00,9.300157,62620,41,0202aa40005ef49c005a5811460e29efbf1ffffffc2246cd1e00000fc0007ebfe9ed0737feebfff600,1,TX 41 seq=6104 rx_latency=1ms tx_dur=1ms,17.425,
2724,10,95,2856321119,2026-07-14T15:00:21.376882+00:00,9.400142,62720,41,0202aa40005ff500005a5811460e29efbf1ffffffc2246cd1e00000fc0007ebfe9ed0737feebfff600,1,TX 41 seq=6105 rx_latency=1ms tx_dur=1ms,19.191,
2724,10,96,2856321120,2026-07-14T15:00:21.476880+00:00,9.500135,62820,41,0202aa400060f564005a5811460e29efbf1ffffffc2246cd1e00000fc0007ebfe9ed0737feebfff600,1,TX 41 seq=6106 rx_latency=1ms tx_dur=1ms,21.650,
2724,10,97,2856321121,2026-07-14T15:00:21.576884+00:00,9.600143,62920,41,0202aa400061f5c8005a5811460e29efbf1ffffffc2246cd1e00000fc0007ebfe9ed0737feebfff600,1,TX 41 seq=6107 rx_latency=1ms tx_dur=1ms,23.571,
2724,10,98,2856321122,2026-07-14T15:00:21.676835+00:00,9.700104,63020,41,0202aa400062f62c005a5811460e29efbf1ffffffc2246cd1e00000fc0007ebfe9ed0737feebfff600,1,TX 41 seq=6108 rx_latency=1ms tx_dur=1ms,15.328,
2724,10,99,2856321123,2026-07-14T15:00:21.776885+00:00,9.800150,63120,41,0202aa400063f690005a5811460e29efbf1ffffffc2246cd1e00000fc0007ebfe9ed0737feebfff600,1,TX 41 seq=6109 rx_latency=1ms tx_dur=1ms,17.024,
2724,10,100,2856321124,2026-07-14T15:00:21.876881+00:00,9.900140,63220,41,0202aa400064f6f4005a5811460e29efbf1ffffffc2246cd1e00000fc0007ebfe9ed0737feebfff600,1,TX 41 seq=6110 rx_latency=1ms tx_dur=1ms,19.897,
2724,10,101,2856321125,2026-07-14T15:00:21.976882+00:00,10.000140,63320,41,0202aa400065f758005a5811460e29efbf1ffffffc2246cd1e00000fc0007ebfe9ed0737feebfff600,1,TX 41 seq=6111 rx_latency=1ms tx_dur=1ms,21.383,
2724,10,102,2856321126,2026-07-14T15:00:22.076881+00:00,10.100140,63420,41,0202aa400066f7bc005a5811460e29efbf1ffffffc2246cd1e00000fc0007ebfe9ed0737feebfff600,1,TX 41 seq=6112 rx_latency=1ms tx_dur=1ms,23.792,
2724,10,103,2856321127,2026-07-14T15:00:22.176883+00:00,10.200142,63520,41,0202aa400067f820005a5811460e29efbf1ffffffc2246cd1e00000fc0007ebfe9ed0737feebfff600,1,TX 41 seq=6113 rx_latency=1ms tx_dur=1ms,15.765,
2724,10,104,2856321128,2026-07-14T15:00:22.276883+00:00,10.300142,63620,41,0202aa400068f884005a5811460e29efbf1ffffffc2246cd1e00000fc0007ebfe9ed0737feebfff600,1,TX 41 seq=6114 rx_latency=1ms tx_dur=1ms,17.484,
2724,10,105,2856321129,2026-07-14T15:00:22.376882+00:00,10.400140,63720,41,0202aa400069f8e8005a5811460e29efbf1ffffffc2246cd1e00000fc0007ebfe9ed0737feebfff600,1,TX 41 seq=6115 rx_latency=1ms tx_dur=1ms,19.221,
2724,10,106,2856321130,2026-07-14T15:00:22.476874+00:00,10.500126,63820,41,0202aa40006af94c005a5811460e29efbf1ffffffc2246cd1e00000fc0007ebfe9ed0737feebfff600,1,TX 41 seq=6116 rx_latency=1ms tx_dur=1ms,22.002,
2724,10,107,2856321131,2026-07-14T15:00:22.576882+00:00,10.600142,63920,41,0202aa40006bf9b0005a5811460e29efbf1ffffffc2246cd1e00000fc0007ebfe9ed0737feebfff600,1,TX 41 seq=6117 rx_latency=1ms tx_dur=1ms,23.318,
2724,10,108,2856321132,2026-07-14T15:00:22.676885+00:00,10.700154,64020,41,0202aa40006cfa14005a5811460e29efbf1ffffffc2246cd1e00000fc0007ebfe9ed0737feebfff600,1,TX 41 seq=6118 rx_latency=1ms tx_dur=1ms,15.899,
2724,10,109,2856321133,2026-07-14T15:00:22.776877+00:00,10.800133,64120,41,0202aa40006dfa78005a5811460e29efbf1ffffffc2246cd1e00000fc0007ebfe9ed0737feebfff600,1,TX 41 seq=6119 rx_latency=1ms tx_dur=1ms,17.602,
2724,10,110,2856321134,2026-07-14T15:00:22.876885+00:00,10.900144,64220,41,0202aa40006efadc005a5811460e29efbf1ffffffc2246cd1e00000fc0007ebfe9ed0737feebfff600,1,TX 41 seq=6120 rx_latency=1ms tx_dur=1ms,20.042,
2724,10,111,2856321135,2026-07-14T15:00:22.976881+00:00,11.000137,64320,41,0202aa40006ffb40005a5811460e29efbf1ffffffc2246cd1e00000fc0007ebfe9ed0737feebfff600,1,TX 41 seq=6121 rx_latency=1ms tx_dur=1ms,21.524,
2724,10,112,2856321136,2026-07-14T15:00:23.076874+00:00,11.100127,64420,41,0202aa400070fba4005a5811460e29efbf1ffffffc2246cd1e00000fc0007ebfe9ed0737feebfff600,1,TX 41 seq=6122 rx_latency=1ms tx_dur=1ms,23.153,
2724,10,113,2856321137,2026-07-14T15:00:23.176884+00:00,11.200144,64520,41,0202aa400071fc08005a5811460e29efbf1ffffffc2246cd1e00000fc0007ebfe9ed0737feebfff600,1,TX 41 seq=6123 rx_latency=1ms tx_dur=1ms,16.735,
2724,10,114,2856321138,2026-07-14T15:00:23.276882+00:00,11.300142,64620,41,0202aa400072fc6c005a5811460e29efbf1ffffffc2246cd1e00000fc0007ebfe9ed0737feebfff600,1,TX 41 seq=6124 rx_latency=1ms tx_dur=1ms,17.115,
2724,10,115,2856321139,2026-07-14T15:00:23.376875+00:00,11.400129,64720,41,0202aa400073fcd0005a5811460e29efbf1ffffffc2246cd1e00000fc0007ebfe9ed0737feebfff600,1,TX 41 seq=6125 rx_latency=1ms tx_dur=1ms,19.888,
2724,10,116,2856321140,2026-07-14T15:00:23.476883+00:00,11.500143,64820,41,0202aa400074fd34005a5811460e29efbf1ffffffc2246cd1e00000fc0007ebfe9ed0737feebfff600,1,TX 41 seq=6126 rx_latency=1ms tx_dur=1ms,21.223,
2724,10,117,2856321141,2026-07-14T15:00:23.576882+00:00,11.600142,64920,41,0202aa400075fd98005a5811460e29efbf1ffffffc2246cd1e00000fc0007ebfe9ed0737feebfff600,1,TX 41 seq=6127 rx_latency=1ms tx_dur=1ms,23.806,
2724,10,118,2856321142,2026-07-14T15:00:23.676878+00:00,11.700139,65020,41,0202aa400076fdfc005a5811460e29efbf1ffffffc2246cd1e00000fc0007ebfe9ed0737feebfff600,1,TX 41 seq=6128 rx_latency=1ms tx_dur=1ms,16.602,
2724,10,119,2856321143,2026-07-14T15:00:23.776881+00:00,11.800144,65120,41,0202aa400077fe60005a5811460e29efbf1ffffffc2246cd1e00000fc0007ebfe9ed0737feebfff600,1,TX 41 seq=6129 rx_latency=1ms tx_dur=1ms,17.915,
2724,10,120,2856321144,2026-07-14T15:00:23.876884+00:00,11.900156,65220,41,0202aa400078fec4005a5811460e29efbf1ffffffc2246cd1e00000fc0007ebfe9ed0737feebfff600,1,TX 41 seq=6130 rx_latency=1ms tx_dur=1ms,19.373,
2724,10,121,2856321145,2026-07-14T15:00:23.976886+00:00,12.000153,65320,41,0202aa400079ff28005a5811460e29efbf1ffffffc2246cd1e00000fc0007ebfe9ed0737feebfff600,1,TX 41 seq=6131 rx_latency=1ms tx_dur=1ms,22.101,
2724,10,122,2856321146,2026-07-14T15:00:24.076884+00:00,12.100149,65420,41,0202aa40007aff8c005a5811460e29efbf1ffffffc2246cd1e00000fc0007ebfe9ed0737feebfff600,1,TX 41 seq=6132 rx_latency=1ms tx_dur=1ms,23.584,
2724,10,123,2856321147,2026-07-14T15:00:24.176877+00:00,12.200133,65520,41,0202aa40007bfff0005a5811460e29efbf1ffffffc2246cd1e00000fc0007ebfe9ed0737feebfff600,1,TX 41 seq=6133 rx_latency=1ms tx_dur=1ms,16.433,
2724,10,124,2856321148,2026-07-14T15:00:24.276876+00:00,12.300137,84,41,0202aa40007c0054005a5811460e29efbf1ffffffc2246cd1e00000fc0007ebfe9ed0737feebfff600,1,TX 41 seq=6134 rx_latency=1ms tx_dur=1ms,17.752,
2724,10,125,2856321149,2026-07-14T15:00:24.376885+00:00,12.400147,184,41,0202aa40007d00b8005a5811460e29efbf1ffffffc2246cd1e00000fc0007ebfe9ed0737feebfff600,1,TX 41 seq=6135 rx_latency=1ms tx_dur=1ms,19.211,
2724,10,126,2856321150,2026-07-14T15:00:24.476873+00:00,12.500127,284,41,0202aa40007e011c005a5811460e29efbf1ffffffc2246cd1e00000fc0007ebfe9ed0737feebfff600,1,TX 41 seq=6136 rx_latency=1ms tx_dur=1ms,21.999,
2724,10,127,2856321151,2026-07-14T15:00:24.576883+00:00,12.600142,384,41,0202aa40007f0180005a5811460e29efbf1ffffffc2246cd1e00000fc0007ebfe9ed0737feebfff600,1,TX 41 seq=6137 rx_latency=1ms tx_dur=1ms,23.324,
2724,10,128,2856321152,2026-07-14T15:00:24.676881+00:00,12.700139,484,41,0202aa40008001e4005a5811460e29efbf1ffffffc2246cd1e00000fc0007ebfe9ed0737feebfff600,1,TX 41 seq=6138 rx_latency=1ms tx_dur=1ms,15.975,
2724,10,129,2856321153,2026-07-14T15:00:24.776877+00:00,12.800133,584,41,0202aa4000810248005a5811460e29efbf1ffffffc2246cd1e00000fc0007ebfe9ed0737feebfff600,1,TX 41 seq=6139 rx_latency=1ms tx_dur=1ms,17.577,
2724,10,130,2856321154,2026-07-14T15:00:24.876888+00:00,12.900161,684,41,0202aa40008202ac005a5811460e29efbf1ffffffc2246cd1e00000fc0007ebfe9ed0737feebfff600,1,TX 41 seq=6140 rx_latency=1ms tx_dur=1ms,19.998,
2724,10,131,2856321155,2026-07-14T15:00:24.976882+00:00,13.000143,784,41,0202aa4000830310005a5811460e29efbf1ffffffc2246cd1e00000fc0007ebfe9ed0737feebfff600,1,TX 41 seq=6141 rx_latency=1ms tx_dur=1ms,21.501,
2724,10,132,2856321156,2026-07-14T15:00:25.076875+00:00,13.100127,884,41,0202aa4000840374005a5811460e29efbf1ffffffc2246cd1e00000fc0007ebfe9ed0737feebfff600,1,TX 41 seq=6142 rx_latency=1ms tx_dur=1ms,23.158,
2724,10,133,2856321157,2026-07-14T15:00:25.176880+00:00,13.200139,984,41,0202aa40008503d8005a5811460e29efbf1ffffffc2246cd1e00000fc0007ebfe9ed0737feebfff600,1,TX 41 seq=6143 rx_latency=1ms tx_dur=1ms,16.779,
2724,10,134,2856321158,2026-07-14T15:00:25.276882+00:00,13.300142,1084,41,0202aa400086043c005a5811460e29efbf1ffffffc2246cd1e00000fc0007ebfe9ed0737feebfff600,1,TX 41 seq=6144 rx_latency=1ms tx_dur=1ms,17.291,
2724,10,135,2856321159,2026-07-14T15:00:25.376894+00:00,13.400175,1184,41,0202aa40008704a0005a5811460e29efbf1ffffffc2246cd1e00000fc0007ebfe9ed0737feebfff600,1,TX 41 seq=6145 rx_latency=1ms tx_dur=1ms,19.792,
2724,10,136,2856321160,2026-07-14T15:00:25.476888+00:00,13.500153,1284,41,0202aa4000880504005a5811460e29efbf1ffffffc2246cd1e00000fc0007ebfe9ed0737feebfff600,1,TX 41 seq=6146 rx_latency=1ms tx_dur=1ms,21.198,
2724,10,137,2856321161,2026-07-14T15:00:25.576880+00:00,13.600145,1384,41,0202aa4000890568005a5811460e29efbf1ffffffc2246cd1e00000fc0007ebfe9ed0737feebfff600,1,TX 41 seq=6147 rx_latency=1ms tx_dur=1ms,23.793,
2724,10,138,2856321162,2026-07-14T15:00:25.676890+00:00,13.700168,1484,41,0202aa40008a05cc005a5811460e29efbf1ffffffc2246cd1e00000fc0007ebfe9ed0737feebfff600,1,TX 41 seq=6148 rx_latency=1ms tx_dur=1ms,16.557,
2724,10,139,2856321163,2026-07-14T15:00:25.776885+00:00,13.800153,1584,41,0202aa40008b0630005a5811460e29efbf1ffffffc2246cd1e00000fc0007ebfe9ed0737feebfff600,1,TX 41 seq=6149 rx_latency=1ms tx_dur=1ms,17.929,
2724,10,140,2856321164,2026-07-14T15:00:25.876880+00:00,13.900144,1684,41,0202aa40008c0694005a5811460e29efbf1ffffffc2246cd1e00000fc0007ebfe9ed0737feebfff600,1,TX 41 seq=6150 rx_latency=1ms tx_dur=1ms,19.782,
2724,10,141,2856321165,2026-07-14T15:00:25.976883+00:00,14.000153,1784,41,0202aa40008d06f8005a5811460e29efbf1ffffffc2246cd1e00000fc0007ebfe9ed0737feebfff600,1,TX 41 seq=6151 rx_latency=1ms tx_dur=1ms,22.101,
2724,10,142,2856321166,2026-07-14T15:00:26.076875+00:00,14.100132,1884,41,0202aa40008e075c005a5811460e29efbf1ffffffc2246cd1e00000fc0007ebfe9ed0737feebfff600,1,TX 41 seq=6152 rx_latency=1ms tx_dur=1ms,23.554,
2724,10,143,2856321167,2026-07-14T15:00:26.176882+00:00,14.200143,1984,41,0202aa40008f07c0005a5811460e29efbf1ffffffc2246cd1e00000fc0007ebfe9ed0737feebfff600,1,TX 41 seq=6153 rx_latency=1ms tx_dur=1ms,16.075,
2724,10,144,2856321168,2026-07-14T15:00:26.276850+00:00,14.300108,2084,41,0202aa4000900824005a5811460e29efbf1ffffffc2246cd1e00000fc0007ebfe9ed0737feebfff600,1,TX 41 seq=6154 rx_latency=1ms tx_dur=1ms,18.063,
2724,10,145,2856321169,2026-07-14T15:00:26.376875+00:00,14.400132,2184,41,0202aa4000910888005a5811460e29efbf1ffffffc2246cd1e00000fc0007ebfe9ed0737feebfff600,1,TX 41 seq=6155 rx_latency=1ms tx_dur=1ms,19.755,
2724,10,146,2856321170,2026-07-14T15:00:26.476888+00:00,14.500154,2284,41,0202aa40009208ec005a5811460e29efbf1ffffffc2246cd1e00000fc0007ebfe9ed0737feebfff600,1,TX 41 seq=6156 rx_latency=1ms tx_dur=1ms,21.450,
2724,10,147,2856321171,2026-07-14T15:00:26.576874+00:00,14.600130,2384,41,0202aa4000930950005a5811460e29efbf1ffffffc2246cd1e00000fc0007ebfe9ed0737feebfff600,1,TX 41 seq=6157 rx_latency=1ms tx_dur=1ms,24.232,
2724,10,148,2856321172,2026-07-14T15:00:26.676883+00:00,14.700146,2484,41,0202aa40009409b4005a5811460e29efbf1ffffffc2246cd1e00000fc0007ebfe9ed0737feebfff600,1,TX 41 seq=6158 rx_latency=1ms tx_dur=1ms,16.695,
2724,10,149,2856321173,2026-07-14T15:00:26.776882+00:00,14.800140,2584,41,0202aa4000950a18005a5811460e29efbf1ffffffc2246cd1e00000fc0007ebfe9ed0737feebfff600,1,TX 41 seq=6159 rx_latency=1ms tx_dur=1ms,18.231,
2724,10,150,2856321174,2026-07-14T15:00:26.876875+00:00,14.900129,2684,41,0202aa4000960a7c005a5811460e29efbf1ffffffc2246cd1e00000fc0007ebfe9ed0737feebfff600,1,TX 41 seq=6160 rx_latency=1ms tx_dur=1ms,19.849,
2724,10,151,2856321175,2026-07-14T15:00:26.976884+00:00,15.000142,2784,41,0202aa4000970ae0005a5811460e29efbf1ffffffc2246cd1e00000fc0007ebfe9ed0737feebfff600,1,TX 41 seq=6161 rx_latency=1ms tx_dur=1ms,21.190,
2724,10,152,2856321176,2026-07-14T15:00:27.076880+00:00,15.100136,2884,41,0202aa4000980b44005a5811460e29efbf1ffffffc2246cd1e00000fc0007ebfe9ed0737feebfff600,1,TX 41 seq=6162 rx_latency=1ms tx_dur=1ms,23.779,
2724,10,153,2856321177,2026-07-14T15:00:27.176885+00:00,15.200157,2984,41,0202aa4000990ba8005a5811460e29efbf1ffffffc2246cd1e00000fc0007ebfe9ed0737feebfff600,1,TX 41 seq=6163 rx_latency=1ms tx_dur=1ms,16.506,
2724,10,154,2856321178,2026-07-14T15:00:27.276886+00:00,15.300148,3084,41,0202aa40009a0c0c005a5811460e29efbf1ffffffc2246cd1e00000fc0007ebfe9ed0737feebfff600,1,TX 41 seq=6164 rx_latency=1ms tx_dur=1ms,17.884,
2724,10,155,2856321179,2026-07-14T15:00:27.376883+00:00,15.400145,3184,41,0202aa40009b0c70005a5811460e29efbf1ffffffc2246cd1e00000fc0007ebfe9ed0737feebfff600,1,TX 41 seq=6165 rx_latency=1ms tx_dur=1ms,19.367,
2724,10,156,2856321180,2026-07-14T15:00:27.476845+00:00,15.500099,3284,41,0202aa40009c0cd4005a5811460e29efbf1ffffffc2246cd1e00000fc0007ebfe9ed0737feebfff600,1,TX 41 seq=6166 rx_latency=1ms tx_dur=1ms,22.149,
2724,10,157,2856321181,2026-07-14T15:00:27.576882+00:00,15.600141,3384,41,0202aa40009d0d38005a5811460e29efbf1ffffffc2246cd1e00000fc0007ebfe9ed0737feebfff600,1,TX 41 seq=6167 rx_latency=1ms tx_dur=1ms,23.570,
2724,10,158,2856321182,2026-07-14T15:00:27.676866+00:00,15.700132,3484,41,0202aa40009e0d9c005a5811460e29efbf1ffffffc2246cd1e00000fc0007ebfe9ed0737feebfff600,1,TX 41 seq=6168 rx_latency=1ms tx_dur=1ms,16.029,
2724,10,159,2856321183,2026-07-14T15:00:27.776883+00:00,15.800144,3584,41,0202aa40009f0e00005a5811460e29efbf1ffffffc2246cd1e00000fc0007ebfe9ed0737feebfff600,1,TX 41 seq=6169 rx_latency=1ms tx_dur=1ms,17.957,
2724,10,160,2856321184,2026-07-14T15:00:27.876874+00:00,15.900130,3684,41,0202aa4000a00e64005a5811460e29efbf1ffffffc2246cd1e00000fc0007ebfe9ed0737feebfff600,1,TX 41 seq=6170 rx_latency=1ms tx_dur=1ms,19.659,
2724,10,161,2856321185,2026-07-14T15:00:27.976879+00:00,16.000137,3784,41,0202aa4000a10ec8005a5811460e29efbf1ffffffc2246cd1e00000fc0007ebfe9ed0737feebfff600,1,TX 41 seq=6171 rx_latency=1ms tx_dur=1ms,21.416,
2724,10,162,2856321186,2026-07-14T15:00:28.076874+00:00,16.100127,3884,41,0202aa4000a20f2c005a5811460e29efbf1ffffffc2246cd1e00000fc0007ebfe9ed0737feebfff600,1,TX 41 seq=6172 rx_latency=1ms tx_dur=1ms,24.161,
2724,10,163,2856321187,2026-07-14T15:00:28.176885+00:00,16.200151,3984,41,0202aa4000a30f90005a5811460e29efbf1ffffffc2246cd1e00000fc0007ebfe9ed0737feebfff600,1,TX 41 seq=6173 rx_latency=1ms tx_dur=1ms,16.663,
2724,10,164,2856321188,2026-07-14T15:00:28.276883+00:00,16.300144,4084,41,0202aa4000a40ff4005a5811460e29efbf1ffffffc2246cd1e00000fc0007ebfe9ed0737feebfff600,1,TX 41 seq=6174 rx_latency=1ms tx_dur=1ms,18.175,
2724,10,165,2856321189,2026-07-14T15:00:28.376874+00:00,16.400130,4184,41,0202aa4000a51058005a5811460e29efbf1ffffffc2246cd1e00000fc0007ebfe9ed0737feebfff600,1,TX 41 seq=6175 rx_latency=1ms tx_dur=1ms,19.810,
2724,10,166,2856321190,2026-07-14T15:00:28.476884+00:00,16.500143,4284,41,0202aa4000a610bc005a5811460e29efbf1ffffffc2246cd1e00000fc0007ebfe9ed0737feebfff600,1,TX 41 seq=6176 rx_latency=1ms tx_dur=1ms,21.138,
2724,10,167,2856321191,2026-07-14T15:00:28.576889+00:00,16.600175,4384,41,0202aa4000a71120005a5811460e29efbf1ffffffc2246cd1e00000fc0007ebfe9ed0737feebfff600,1,TX 41 seq=6177 rx_latency=1ms tx_dur=1ms,23.468,
2724,10,168,2856321192,2026-07-14T15:00:28.676881+00:00,16.700146,4484,41,0202aa4000a81184005a5811460e29efbf1ffffffc2246cd1e00000fc0007ebfe9ed0737feebfff600,1,TX 41 seq=6178 rx_latency=1ms tx_dur=1ms,16.480,
2724,10,169,2856321193,2026-07-14T15:00:28.776886+00:00,16.800147,4584,41,0202aa4000a911e8005a5811460e29efbf1ffffffc2246cd1e00000fc0007ebfe9ed0737feebfff600,1,TX 41 seq=6179 rx_latency=1ms tx_dur=1ms,17.830,
2724,10,170,2856321194,2026-07-14T15:00:28.876883+00:00,16.900142,4684,41,0202aa4000aa124c005a5811460e29efbf1ffffffc2246cd1e00000fc0007ebfe9ed0737feebfff600,1,TX 41 seq=6180 rx_latency=1ms tx_dur=1ms,19.329,
2724,10,171,2856321195,2026-07-14T15:00:28.976814+00:00,17.000069,4784,41,0202aa4000ab12b0005a5811460e29efbf1ffffffc2246cd1e00000fc0007ebfe9ed0737feebfff600,1,TX 41 seq=6181 rx_latency=1ms tx_dur=1ms,22.135,
2724,10,172,2856321196,2026-07-14T15:00:29.076884+00:00,17.100143,4884,41,0202aa4000ac1314005a5811460e29efbf1ffffffc2246cd1e00000fc0007ebfe9ed0737feebfff600,1,TX 41 seq=6182 rx_latency=1ms tx_dur=1ms,23.420,
2724,10,173,2856321197,2026-07-14T15:00:29.176882+00:00,17.200148,4984,41,0202aa4000ad1378005a5811460e29efbf1ffffffc2246cd1e00000fc0007ebfe9ed0737feebfff600,1,TX 41 seq=6183 rx_latency=1ms tx_dur=1ms,15.999,
2724,10,174,2856321198,2026-07-14T15:00:29.276875+00:00,17.300133,5084,41,0202aa4000ae13dc005a5811460e29efbf1ffffffc2246cd1e00000fc0007ebfe9ed0737feebfff600,1,TX 41 seq=6184 rx_latency=1ms tx_dur=1ms,17.697,
2724,10,175,2856321199,2026-07-14T15:00:29.377369+00:00,17.400642,5185,41,0202aa4000af1441005a5811460e29efbf1ffffffc2246cd1e00000fc0007ebfe9ed0737feebfff600,1,TX 41 seq=6185 rx_latency=1ms tx_dur=1ms,19.302,
2724,10,176,2856321200,2026-07-14T15:00:29.476881+00:00,17.500145,5284,41,0202aa4000b014a4005a5811460e29efbf1ffffffc2246cd1e00000fc0007ebfe9ed0737feebfff600,1,TX 41 seq=6186 rx_latency=1ms tx_dur=1ms,21.504,
2724,10,177,2856321201,2026-07-14T15:00:29.576885+00:00,17.600152,5384,41,0202aa4000b11508005a5811460e29efbf1ffffffc2246cd1e00000fc0007ebfe9ed0737feebfff600,1,TX 41 seq=6187 rx_latency=1ms tx_dur=1ms,23.465,
2724,10,178,2856321202,2026-07-14T15:00:29.676879+00:00,17.700141,5484,41,0202aa4000b2156c005a5811460e29efbf1ffffffc2246cd1e00000fc0007ebfe9ed0737feebfff600,1,TX 41 seq=6188 rx_latency=1ms tx_dur=1ms,15.228,
2724,10,179,2856321203,2026-07-14T15:00:29.776882+00:00,17.800141,5584,41,0202aa4000b315d0005a5811460e29efbf1ffffffc2246cd1e00000fc0007ebfe9ed0737feebfff600,1,TX 41 seq=6189 rx_latency=1ms tx_dur=1ms,18.076,
2724,10,180,2856321204,2026-07-14T15:00:29.876874+00:00,17.900128,5684,41,0202aa4000b41634005a5811460e29efbf1ffffffc2246cd1e00000fc0007ebfe9ed0737feebfff600,1,TX 41 seq=6190 rx_latency=1ms tx_dur=1ms,19.750,
2724,10,181,2856321205,2026-07-14T15:00:29.976883+00:00,18.000150,5784,41,0202aa4000b51698005a5811460e29efbf1ffffffc2246cd1e00000fc0007ebfe9ed0737feebfff600,1,TX 41 seq=6191 rx_latency=1ms tx_dur=1ms,21.117,
2724,10,182,2856321206,2026-07-14T15:00:30.076878+00:00,18.100138,5884,41,0202aa4000b616fc005a5811460e29efbf1ffffffc2246cd1e00000fc0007ebfe9ed0737feebfff600,1,TX 41 seq=6192 rx_latency=1ms tx_dur=1ms,23.675,
2724,10,183,2856321207,2026-07-14T15:00:30.176876+00:00,18.200137,5984,41,0202aa4000b71760005a5811460e29efbf1ffffffc2246cd1e00000fc0007ebfe9ed0737feebfff600,1,TX 41 seq=6193 rx_latency=1ms tx_dur=1ms,16.055,
2724,10,184,2856321208,2026-07-14T15:00:30.276875+00:00,18.300127,6084,41,0202aa4000b817c4005a5811460e29efbf1ffffffc2246cd1e00000fc0007ebfe9ed0737feebfff600,1,TX 41 seq=6194 rx_latency=1ms tx_dur=1ms,18.135,
2724,10,185,2856321209,2026-07-14T15:00:30.376886+00:00,18.400150,6184,41,0202aa4000b91828005a5811460e29efbf1ffffffc2246cd1e00000fc0007ebfe9ed0737feebfff600,1,TX 41 seq=6195 rx_latency=1ms tx_dur=1ms,19.645,
2724,10,186,2856321210,2026-07-14T15:00:30.476848+00:00,18.500105,6284,41,0202aa4000ba188c005a5811460e29efbf1ffffffc2246cd1e00000fc0007ebfe9ed0737feebfff600,1,TX 41 seq=6196 rx_latency=1ms tx_dur=1ms,21.488,
2724,10,187,2856321211,2026-07-14T15:00:30.576883+00:00,18.600138,6384,41,0202aa4000bb18f0005a5811460e29efbf1ffffffc2246cd1e00000fc0007ebfe9ed0737feebfff600,1,TX 41 seq=6197 rx_latency=1ms tx_dur=1ms,23.206,
2724,10,188,2856321212,2026-07-14T15:00:30.676888+00:00,18.700147,6484,41,0202aa4000bc1954005a5811460e29efbf1ffffffc2246cd1e00000fc0007ebfe9ed0737feebfff600,1,TX 41 seq=6198 rx_latency=1ms tx_dur=1ms,16.733,
2724,10,189,2856321213,2026-07-14T15:00:30.776889+00:00,18.800148,6584,41,0202aa4000bd19b8005a5811460e29efbf1ffffffc2246cd1e00000fc0007ebfe9ed0737feebfff600,1,TX 41 seq=6199 rx_latency=1ms tx_dur=1ms,18.238,
2724,10,190,2856321214,2026-07-14T15:00:30.876820+00:00,18.900077,6684,41,0202aa4000be1a1c005a5811460e29efbf1ffffffc2246cd1e00000fc0007ebfe9ed0737feebfff600,1,TX 41 seq=6200 rx_latency=1ms tx_dur=1ms,19.866,
2724,10,191,2856321215,2026-07-14T15:00:30.976877+00:00,19.000131,6784,41,0202aa4000bf1a80005a5811460e29efbf1ffffffc2246cd1e00000fc0007ebfe9ed0737feebfff600,1,TX 41 seq=6201 rx_latency=1ms tx_dur=1ms,21.391,
2724,10,192,2856321216,2026-07-14T15:00:31.076879+00:00,19.100137,6884,41,0202aa4000c01ae4005a5811460e29efbf1ffffffc2246cd1e00000fc0007ebfe9ed0737feebfff600,1,TX 41 seq=6202 rx_latency=1ms tx_dur=1ms,23.619,
2724,10,193,2856321217,2026-07-14T15:00:31.176871+00:00,19.200122,6984,41,0202aa4000c11b48005a5811460e29efbf1ffffffc2246cd1e00000fc0007ebfe9ed0737feebfff600,1,TX 41 seq=6203 rx_latency=1ms tx_dur=1ms,15.804,
2724,10,194,2856321218,2026-07-14T15:00:31.276877+00:00,19.300134,7084,41,0202aa4000c21bac005a5811460e29efbf1ffffffc2246cd1e00000fc0007ebfe9ed0737feebfff600,1,TX 41 seq=6204 rx_latency=1ms tx_dur=1ms,17.373,
2724,10,195,2856321219,2026-07-14T15:00:31.376873+00:00,19.400124,7184,41,0202aa4000c31c10005a5811460e29efbf1ffffffc2246cd1e00000fc0007ebfe9ed0737feebfff600,1,TX 41 seq=6205 rx_latency=1ms tx_dur=1ms,19.236,
2724,10,196,2856321220,2026-07-14T15:00:31.476880+00:00,19.500139,7284,41,0202aa4000c41c74005a5811460e29efbf1ffffffc2246cd1e00000fc0007ebfe9ed0737feebfff600,1,TX 41 seq=6206 rx_latency=1ms tx_dur=1ms,21.481,
2724,10,197,2856321221,2026-07-14T15:00:31.576873+00:00,19.600126,7384,41,0202aa4000c51cd8005a5811460e29efbf1ffffffc2246cd1e00000fc0007ebfe9ed0737feebfff600,1,TX 41 seq=6207 rx_latency=1ms tx_dur=1ms,23.593,
2724,10,198,2856321222,2026-07-14T15:00:31.676903+00:00,19.700191,7484,41,0202aa4000c61d3c005a5811460e29efbf1ffffffc2246cd1e00000fc0007ebfe9ed0737feebfff600,1,TX 41 seq=6208 rx_latency=1ms tx_dur=1ms,15.147,
2724,10,199,2856321223,2026-07-14T15:00:31.776876+00:00,19.800137,7584,41,0202aa4000c71da0005a5811460e29efbf1ffffffc2246cd1e00000fc0007ebfe9ed0737feebfff600,1,TX 41 seq=6209 rx_latency=1ms tx_dur=1ms,18.120,
2724,10,200,2856321224,2026-07-14T15:00:31.876882+00:00,19.900142,7684,41,0202aa4000c81e04005a5811460e29efbf1ffffffc2246cd1e00000fc0007ebfe9ed0737feebfff600,1,TX 41 seq=6210 rx_latency=1ms tx_dur=1ms,19.368,
2724,10,201,2856321225,2026-07-14T15:00:31.976874+00:00,20.000130,7784,41,0202aa4000c91e68005a5811460e29efbf1ffffffc2246cd1e00000fc0007ebfe9ed0737feebfff600,1,TX 41 seq=6211 rx_latency=1ms tx_dur=1ms,21.381,
2724,10,202,2856321226,2026-07-14T15:00:32.076880+00:00,20.100138,7884,41,0202aa4000ca1ecc005a5811460e29efbf1ffffffc2246cd1e00000fc0007ebfe9ed0737feebfff600,1,TX 41 seq=6212 rx_latency=1ms tx_dur=1ms,24.173,
2724,10,203,2856321227,2026-07-14T15:00:32.176875+00:00,20.200128,7984,41,0202aa4000cb1f30005a5811460e29efbf1ffffffc2246cd1e00000fc0007ebfe9ed0737feebfff600,1,TX 41 seq=6213 rx_latency=1ms tx_dur=1ms,15.948,
2724,10,204,2856321228,2026-07-14T15:00:32.276904+00:00,20.300193,8084,41,0202aa4000cc1f94005a5811460e29efbf1ffffffc2246cd1e00000fc0007ebfe9ed0737feebfff600,1,TX 41 seq=6214 rx_latency=1ms tx_dur=1ms,17.122,
2724,10,205,2856321229,2026-07-14T15:00:32.376876+00:00,20.400137,8184,41,0202aa4000cd1ff8005a5811460e29efbf1ffffffc2246cd1e00000fc0007ebfe9ed0737feebfff600,1,TX 41 seq=6215 rx_latency=1ms tx_dur=1ms,19.216,
2724,10,206,2856321230,2026-07-14T15:00:32.476883+00:00,20.500146,8284,41,0202aa4000ce205c005a5811460e29efbf1ffffffc2246cd1e00000fc0007ebfe9ed0737feebfff600,1,TX 41 seq=6216 rx_latency=1ms tx_dur=1ms,21.977,
2724,10,207,2856321231,2026-07-14T15:00:32.576880+00:00,20.600147,8384,41,0202aa4000cf20c0005a5811460e29efbf1ffffffc2246cd1e00000fc0007ebfe9ed0737feebfff600,1,TX 41 seq=6217 rx_latency=1ms tx_dur=1ms,23.638,
2724,10,208,2856321232,2026-07-14T15:00:32.676864+00:00,20.700134,8484,41,0202aa4000d02124005a5811460e29efbf1ffffffc2246cd1e00000fc0007ebfe9ed0737feebfff600,1,TX 41 seq=6218 rx_latency=1ms tx_dur=1ms,16.511,
2724,10,209,2856321233,2026-07-14T15:00:32.776880+00:00,20.800137,8584,41,0202aa4000d12188005a5811460e29efbf1ffffffc2246cd1e00000fc0007ebfe9ed0737feebfff600,1,TX 41 seq=6219 rx_latency=1ms tx_dur=1ms,17.898,
2724,10,210,2856321234,2026-07-14T15:00:32.876881+00:00,20.900141,8684,41,0202aa4000d221ec005a5811460e29efbf1ffffffc2246cd1e00000fc0007ebfe9ed0737feebfff600,1,TX 41 seq=6220 rx_latency=1ms tx_dur=1ms,19.357,
2724,10,211,2856321235,2026-07-14T15:00:32.976864+00:00,21.000124,8784,41,0202aa4000d32250005a5811460e29efbf1ffffffc2246cd1e00000fc0007ebfe9ed0737feebfff600,1,TX 41 seq=6221 rx_latency=1ms tx_dur=1ms,22.115,
2724,10,212,2856321236,2026-07-14T15:00:33.076879+00:00,21.100138,8884,41,0202aa4000d422b4005a5811460e29efbf1ffffffc2246cd1e00000fc0007ebfe9ed0737feebfff600,1,TX 41 seq=6222 rx_latency=1ms tx_dur=1ms,23.554,
2724,10,213,2856321237,2026-07-14T15:00:33.176876+00:00,21.200134,8984,41,0202aa4000d52318005a5811460e29efbf1ffffffc2246cd1e00000fc0007ebfe9ed0737feebfff600,1,TX 41 seq=6223 rx_latency=1ms tx_dur=1ms,16.007,
2724,10,214,2856321238,2026-07-14T15:00:33.276887+00:00,21.300157,9084,41,0202aa4000d6237c005a5811460e29efbf1ffffffc2246cd1e00000fc0007ebfe9ed0737feebfff600,1,TX 41 seq=6224 rx_latency=1ms tx_dur=1ms,17.865,
2724,10,215,2856321239,2026-07-14T15:00:33.376879+00:00,21.400142,9184,41,0202aa4000d723e0005a5811460e29efbf1ffffffc2246cd1e00000fc0007ebfe9ed0737feebfff600,1,TX 41 seq=6225 rx_latency=1ms tx_dur=1ms,19.598,
2724,10,216,2856321240,2026-07-14T15:00:33.476883+00:00,21.500144,9284,41,0202aa4000d82444005a5811460e29efbf1ffffffc2246cd1e00000fc0007ebfe9ed0737feebfff600,1,TX 41 seq=6226 rx_latency=1ms tx_dur=1ms,21.413,
2724,10,217,2856321241,2026-07-14T15:00:33.576875+00:00,21.600132,9384,41,0202aa4000d924a8005a5811460e29efbf1ffffffc2246cd1e00000fc0007ebfe9ed0737feebfff600,1,TX 41 seq=6227 rx_latency=1ms tx_dur=1ms,24.141,
2724,10,218,2856321242,2026-07-14T15:00:33.676958+00:00,21.700231,9484,41,0202aa4000da250c005a5811460e29efbf1ffffffc2246cd1e00000fc0007ebfe9ed0737feebfff600,1,TX 41 seq=6228 rx_latency=1ms tx_dur=1ms,15.128,
2724,10,219,2856321243,2026-07-14T15:00:33.776883+00:00,21.800151,9584,41,0202aa4000db2570005a5811460e29efbf1ffffffc2246cd1e00000fc0007ebfe9ed0737feebfff600,1,TX 41 seq=6229 rx_latency=1ms tx_dur=1ms,17.233,
2724,10,220,2856321244,2026-07-14T15:00:33.876874+00:00,21.900129,9684,41,0202aa4000dc25d4005a5811460e29efbf1ffffffc2246cd1e00000fc0007ebfe9ed0737feebfff600,1,TX 41 seq=6230 rx_latency=1ms tx_dur=1ms,19.763,
2724,10,221,2856321245,2026-07-14T15:00:33.976880+00:00,22.000139,9784,41,0202aa4000dd2638005a5811460e29efbf1ffffffc2246cd1e00000fc0007ebfe9ed0737feebfff600,1,TX 41 seq=6231 rx_latency=1ms tx_dur=1ms,22.239,
2724,10,222,2856321246,2026-07-14T15:00:34.076881+00:00,22.100138,9884,41,0202aa4000de269c005a5811460e29efbf1ffffffc2246cd1e00000fc0007ebfe9ed0737feebfff600,1,TX 41 seq=6232 rx_latency=1ms tx_dur=1ms,23.702,
2724,10,223,2856321247,2026-07-14T15:00:34.176873+00:00,22.200125,9984,41,0202aa4000df2700005a5811460e29efbf1ffffffc2246cd1e00000fc0007ebfe9ed0737feebfff600,1,TX 41 seq=6233 rx_latency=1ms tx_dur=1ms,16.527,
2724,10,224,2856321248,2026-07-14T15:00:34.276883+00:00,22.300144,10084,41,0202aa4000e02764005a5811460e29efbf1ffffffc2246cd1e00000fc0007ebfe9ed0737feebfff600,1,TX 41 seq=6234 rx_latency=1ms tx_dur=1ms,17.886,
2724,10,225,2856321249,2026-07-14T15:00:34.376880+00:00,22.400148,10184,41,0202aa4000e127c8005a5811460e29efbf1ffffffc2246cd1e00000fc0007ebfe9ed0737feebfff600,1,TX 41 seq=6235 rx_latency=1ms tx_dur=1ms,19.202,
2724,10,226,2856321250,2026-07-14T15:00:34.476883+00:00,22.500147,10284,41,0202aa4000e2282c005a5811460e29efbf1ffffffc2246cd1e00000fc0007ebfe9ed0737feebfff600,1,TX 41 seq=6236 rx_latency=1ms tx_dur=1ms,21.998,
2724,10,227,2856321251,2026-07-14T15:00:34.576882+00:00,22.600149,10384,41,0202aa4000e32890005a5811460e29efbf1ffffffc2246cd1e00000fc0007ebfe9ed0737feebfff600,1,TX 41 seq=6237 rx_latency=1ms tx_dur=1ms,23.374,
2724,10,228,2856321252,2026-07-14T15:00:34.676881+00:00,22.700141,10484,41,0202aa4000e428f4005a5811460e29efbf1ffffffc2246cd1e00000fc0007ebfe9ed0737feebfff600,1,TX 41 seq=6238 rx_latency=1ms tx_dur=1ms,16.022,
2724,10,229,2856321253,2026-07-14T15:00:34.776885+00:00,22.800151,10584,41,0202aa4000e52958005a5811460e29efbf1ffffffc2246cd1e00000fc0007ebfe9ed0737feebfff600,1,TX 41 seq=6239 rx_latency=1ms tx_dur=1ms,17.610,
2724,10,230,2856321254,2026-07-14T15:00:34.876883+00:00,22.900146,10684,41,0202aa4000e629bc005a5811460e29efbf1ffffffc2246cd1e00000fc0007ebfe9ed0737feebfff600,1,TX 41 seq=6240 rx_latency=1ms tx_dur=1ms,20.099,
2724,10,231,2856321255,2026-07-14T15:00:34.976882+00:00,23.000139,10784,41,0202aa4000e72a20005a5811460e29efbf1ffffffc2246cd1e00000fc0007ebfe9ed0737feebfff600,1,TX 41 seq=6241 rx_latency=1ms tx_dur=1ms,21.588,
2724,10,232,2856321256,2026-07-14T15:00:35.076874+00:00,23.100129,10884,41,0202aa4000e82a84005a5811460e29efbf1ffffffc2246cd1e00000fc0007ebfe9ed0737feebfff600,1,TX 41 seq=6242 rx_latency=1ms tx_dur=1ms,23.216,
2724,10,233,2856321257,2026-07-14T15:00:35.176880+00:00,23.200138,10984,41,0202aa4000e92ae8005a5811460e29efbf1ffffffc2246cd1e00000fc0007ebfe9ed0737feebfff600,1,TX 41 seq=6243 rx_latency=1ms tx_dur=1ms,15.845,
2724,10,234,2856321258,2026-07-14T15:00:35.276877+00:00,23.300132,11084,41,0202aa4000ea2b4c005a5811460e29efbf1ffffffc2246cd1e00000fc0007ebfe9ed0737feebfff600,1,TX 41 seq=6244 rx_latency=1ms tx_dur=1ms,18.240,
2724,10,235,2856321259,2026-07-14T15:00:35.376881+00:00,23.400138,11184,41,0202aa4000eb2bb0005a5811460e29efbf1ffffffc2246cd1e00000fc0007ebfe9ed0737feebfff600,1,TX 41 seq=6245 rx_latency=1ms tx_dur=1ms,20.172,
2724,10,236,2856321260,2026-07-14T15:00:35.476874+00:00,23.500129,11284,41,0202aa4000ec2c14005a5811460e29efbf1ffffffc2246cd1e00000fc0007ebfe9ed0737feebfff600,1,TX 41 seq=6246 rx_latency=1ms tx_dur=1ms,21.868,
2724,10,237,2856321261,2026-07-14T15:00:35.576892+00:00,23.600170,11384,41,0202aa4000ed2c78005a5811460e29efbf1ffffffc2246cd1e00000fc0007ebfe9ed0737feebfff600,1,TX 41 seq=6247 rx_latency=1ms tx_dur=1ms,23.444,
2724,10,238,2856321262,2026-07-14T15:00:35.676878+00:00,23.700140,11484,41,0202aa4000ee2cdc005a5811460e29efbf1ffffffc2246cd1e00000fc0007ebfe9ed0737feebfff600,1,TX 41 seq=6248 rx_latency=1ms tx_dur=1ms,16.118,
2724,10,239,2856321263,2026-07-14T15:00:35.776880+00:00,23.800141,11584,41,0202aa4000ef2d40005a5811460e29efbf1ffffffc2246cd1e00000fc0007ebfe9ed0737feebfff600,1,TX 41 seq=6249 rx_latency=1ms tx_dur=1ms,17.763,
2724,10,240,2856321264,2026-07-14T15:00:35.876880+00:00,23.900141,11684,41,0202aa4000f02da4005a5811460e29efbf1ffffffc2246cd1e00000fc0007ebfe9ed0737feebfff600,1,TX 41 seq=6250 rx_latency=1ms tx_dur=1ms,19.249,
2724,10,241,2856321265,2026-07-14T15:00:35.976880+00:00,24.000146,11784,41,0202aa4000f12e08005a5811460e29efbf1ffffffc2246cd1e00000fc0007ebfe9ed0737feebfff600,1,TX 41 seq=6251 rx_latency=1ms tx_dur=1ms,21.586,
2724,10,242,2856321266,2026-07-14T15:00:36.076885+00:00,24.100149,11884,41,0202aa4000f22e6c005a5811460e29efbf1ffffffc2246cd1e00000fc0007ebfe9ed0737feebfff600,1,TX 41 seq=6252 rx_latency=1ms tx_dur=1ms,23.576,
2724,10,243,2856321267,2026-07-14T15:00:36.176874+00:00,24.200130,11984,41,0202aa4000f32ed0005a5811460e29efbf1ffffffc2246cd1e00000fc0007ebfe9ed0737feebfff600,1,TX 41 seq=6253 rx_latency=1ms tx_dur=1ms,15.361,
2724,10,244,2856321268,2026-07-14T15:00:36.276883+00:00,24.300141,12084,41,0202aa4000f42f34005a5811460e29efbf1ffffffc2246cd1e00000fc0007ebfe9ed0737feebfff600,1,TX 41 seq=6254 rx_latency=1ms tx_dur=1ms,18.187,
2724,10,245,2856321269,2026-07-14T15:00:36.376883+00:00,24.400152,12184,41,0202aa4000f52f98005a5811460e29efbf1ffffffc2246cd1e00000fc0007ebfe9ed0737feebfff600,1,TX 41 seq=6255 rx_latency=1ms tx_dur=1ms,19.788,
2724,10,246,2856321270,2026-07-14T15:00:36.476884+00:00,24.500148,12284,41,0202aa4000f62ffc005a5811460e29efbf1ffffffc2246cd1e00000fc0007ebfe9ed0737feebfff600,1,TX 41 seq=6256 rx_latency=1ms tx_dur=1ms,21.157,
2724,10,247,2856321271,2026-07-14T15:00:36.576883+00:00,24.600146,12384,41,0202aa4000f73060005a5811460e29efbf1ffffffc2246cd1e00000fc0007ebfe9ed0737feebfff600,1,TX 41 seq=6257 rx_latency=1ms tx_dur=1ms,23.737,
2724,10,248,2856321272,2026-07-14T15:00:36.676808+00:00,24.700063,12484,41,0202aa4000f830c4005a5811460e29efbf1ffffffc2246cd1e00000fc0007ebfe9ed0737feebfff600,1,TX 41 seq=6258 rx_latency=1ms tx_dur=1ms,16.652,
2724,10,249,2856321273,2026-07-14T15:00:36.776880+00:00,24.800138,12584,41,0202aa4000f93128005a5811460e29efbf1ffffffc2246cd1e00000fc0007ebfe9ed0737feebfff600,1,TX 41 seq=6259 rx_latency=1ms tx_dur=1ms,17.904,
2724,10,250,2856321274,2026-07-14T15:00:36.876884+00:00,24.900147,12684,41,0202aa4000fa318c005a5811460e29efbf1ffffffc2246cd1e00000fc0007ebfe9ed0737feebfff600,1,TX 41 seq=6260 rx_latency=1ms tx_dur=1ms,19.358,
2724,10,251,2856321275,2026-07-14T15:00:36.976874+00:00,25.000129,12784,41,0202aa4000fb31f0005a5811460e29efbf1ffffffc2246cd1e00000fc0007ebfe9ed0737feebfff600,1,TX 41 seq=6261 rx_latency=1ms tx_dur=1ms,22.118,
2724,10,252,2856321276,2026-07-14T15:00:37.076880+00:00,25.100139,12884,41,0202aa4000fc3254005a5811460e29efbf1ffffffc2246cd1e00000fc0007ebfe9ed0737feebfff600,1,TX 41 seq=6262 rx_latency=1ms tx_dur=1ms,23.592,
2724,10,253,2856321277,2026-07-14T15:00:37.176893+00:00,25.200174,12984,41,0202aa4000fd32b8005a5811460e29efbf1ffffffc2246cd1e00000fc0007ebfe9ed0737feebfff600,1,TX 41 seq=6263 rx_latency=1ms tx_dur=1ms,15.937,
2724,10,254,2856321278,2026-07-14T15:00:37.276876+00:00,25.300134,13084,41,0202aa4000fe331c005a5811460e29efbf1ffffffc2246cd1e00000fc0007ebfe9ed0737feebfff600,1,TX 41 seq=6264 rx_latency=1ms tx_dur=1ms,17.941,
2724,10,255,2856321279,2026-07-14T15:00:37.376882+00:00,25.400144,13184,41,0202aa4000ff3380005a5811460e29efbf1ffffffc2246cd1e00000fc0007ebfe9ed0737feebfff600,1,TX 41 seq=6265 rx_latency=1ms tx_dur=1ms,19.687,
2724,10,256,2856321280,2026-07-14T15:00:37.476877+00:00,25.500133,13284,41,0202aa40010033e4005a5811460e29efbf1ffffffc2246cd1e00000fc0007ebfe9ed0737feebfff600,1,TX 41 seq=6266 rx_latency=1ms tx_dur=1ms,21.380,
2724,10,257,2856321281,2026-07-14T15:00:37.576877+00:00,25.600137,13384,41,0202aa4001013448005a5811460e29efbf1ffffffc2246cd1e00000fc0007ebfe9ed0737feebfff600,1,TX 41 seq=6267 rx_latency=1ms tx_dur=1ms,23.836,
2724,10,258,2856321282,2026-07-14T15:00:37.676897+00:00,25.700180,13484,41,0202aa40010234ac005a5811460e29efbf1ffffffc2246cd1e00000fc0007ebfe9ed0737feebfff600,1,TX 41 seq=6268 rx_latency=1ms tx_dur=1ms,15.689,
2724,10,259,2856321283,2026-07-14T15:00:37.776876+00:00,25.800135,13584,41,0202aa4001033510005a5811460e29efbf1ffffffc2246cd1e00000fc0007ebfe9ed0737feebfff600,1,TX 41 seq=6269 rx_latency=1ms tx_dur=1ms,17.503,
2724,10,260,2856321284,2026-07-14T15:00:37.876882+00:00,25.900144,13684,41,0202aa4001043574005a5811460e29efbf1ffffffc2246cd1e00000fc0007ebfe9ed0737feebfff600,1,TX 41 seq=6270 rx_latency=1ms tx_dur=1ms,19.251,
2724,10,261,2856321285,2026-07-14T15:00:37.976876+00:00,26.000129,13784,41,0202aa40010535d8005a5811460e29efbf1ffffffc2246cd1e00000fc0007ebfe9ed0737feebfff600,1,TX 41 seq=6271 rx_latency=1ms tx_dur=1ms,22.022,
2724,10,262,2856321286,2026-07-14T15:00:38.076882+00:00,26.100141,13884,41,0202aa400106363c005a5811460e29efbf1ffffffc2246cd1e00000fc0007ebfe9ed0737feebfff600,1,TX 41 seq=6272 rx_latency=1ms tx_dur=1ms,23.363,
2724,10,263,2856321287,2026-07-14T15:00:38.176880+00:00,26.200137,13984,41,0202aa40010736a0005a5811460e29efbf1ffffffc2246cd1e00000fc0007ebfe9ed0737feebfff600,1,TX 41 seq=6273 rx_latency=1ms tx_dur=1ms,15.971,
2724,10,264,2856321288,2026-07-14T15:00:38.276879+00:00,26.300134,14084,41,0202aa4001083704005a5811460e29efbf1ffffffc2246cd1e00000fc0007ebfe9ed0737feebfff600,1,TX 41 seq=6274 rx_latency=1ms tx_dur=1ms,17.616,
2724,10,265,2856321289,2026-07-14T15:00:38.376880+00:00,26.400135,14184,41,0202aa4001093768005a5811460e29efbf1ffffffc2246cd1e00000fc0007ebfe9ed0737feebfff600,1,TX 41 seq=6275 rx_latency=1ms tx_dur=1ms,20.098,
2724,10,266,2856321290,2026-07-14T15:00:38.476880+00:00,26.500135,14284,41,0202aa40010a37cc005a5811460e29efbf1ffffffc2246cd1e00000fc0007ebfe9ed0737feebfff600,1,TX 41 seq=6276 rx_latency=1ms tx_dur=1ms,21.583,
2724,10,267,2856321291,2026-07-14T15:00:38.576874+00:00,26.600126,14384,41,0202aa40010b3830005a5811460e29efbf1ffffffc2246cd1e00000fc0007ebfe9ed0737feebfff600,1,TX 41 seq=6277 rx_latency=1ms tx_dur=1ms,24.288,
2724,10,268,2856321292,2026-07-14T15:00:38.676880+00:00,26.700140,14484,41,0202aa40010c3894005a5811460e29efbf1ffffffc2246cd1e00000fc0007ebfe9ed0737feebfff600,1,TX 41 seq=6278 rx_latency=1ms tx_dur=1ms,16.783,
2724,10,269,2856321293,2026-07-14T15:00:38.776882+00:00,26.800139,14584,41,0202aa40010d38f8005a5811460e29efbf1ffffffc2246cd1e00000fc0007ebfe9ed0737feebfff600,1,TX 41 seq=6279 rx_latency=1ms tx_dur=1ms,17.158,
2724,10,270,2856321294,2026-07-14T15:00:38.876873+00:00,26.900125,14684,41,0202aa40010e395c005a5811460e29efbf1ffffffc2246cd1e00000fc0007ebfe9ed0737feebfff600,1,TX 41 seq=6280 rx_latency=1ms tx_dur=1ms,19.950,
2724,10,271,2856321295,2026-07-14T15:00:38.976880+00:00,27.000140,14784,41,0202aa40010f39c0005a5811460e29efbf1ffffffc2246cd1e00000fc0007ebfe9ed0737feebfff600,1,TX 41 seq=6281 rx_latency=1ms tx_dur=1ms,21.363,
2724,10,272,2856321296,2026-07-14T15:00:39.076874+00:00,27.100127,14884,41,0202aa4001103a24005a5811460e29efbf1ffffffc2246cd1e00000fc0007ebfe9ed0737feebfff600,1,TX 41 seq=6282 rx_latency=1ms tx_dur=1ms,24.108,
2724,10,273,2856321297,2026-07-14T15:00:39.176882+00:00,27.200140,14984,41,0202aa4001113a88005a5811460e29efbf1ffffffc2246cd1e00000fc0007ebfe9ed0737feebfff600,1,TX 41 seq=6283 rx_latency=1ms tx_dur=1ms,16.605,
2724,10,274,2856321298,2026-07-14T15:00:39.276881+00:00,27.300139,15084,41,0202aa4001123aec005a5811460e29efbf1ffffffc2246cd1e00000fc0007ebfe9ed0737feebfff600,1,TX 41 seq=6284 rx_latency=1ms tx_dur=1ms,18.081,
2724,10,275,2856321299,2026-07-14T15:00:39.376874+00:00,27.400128,15184,41,0202aa4001133b50005a5811460e29efbf1ffffffc2246cd1e00000fc0007ebfe9ed0737feebfff600,1,TX 41 seq=6285 rx_latency=1ms tx_dur=1ms,19.737,
2724,10,276,2856321300,2026-07-14T15:00:39.476887+00:00,27.500145,15284,41,0202aa4001143bb4005a5811460e29efbf1ffffffc2246cd1e00000fc0007ebfe9ed0737feebfff600,1,TX 41 seq=6286 rx_latency=1ms tx_dur=1ms,22.187,
2724,10,277,2856321301,2026-07-14T15:00:39.576881+00:00,27.600139,15384,41,0202aa4001153c18005a5811460e29efbf1ffffffc2246cd1e00000fc0007ebfe9ed0737feebfff600,1,TX 41 seq=6287 rx_latency=1ms tx_dur=1ms,23.675,
2724,10,278,2856321302,2026-07-14T15:00:39.676882+00:00,27.700150,15484,41,0202aa4001163c7c005a5811460e29efbf1ffffffc2246cd1e00000fc0007ebfe9ed0737feebfff600,1,TX 41 seq=6288 rx_latency=1ms tx_dur=1ms,16.562,
2724,10,279,2856321303,2026-07-14T15:00:39.776880+00:00,27.800141,15584,41,0202aa4001173ce0005a5811460e29efbf1ffffffc2246cd1e00000fc0007ebfe9ed0737feebfff600,1,TX 41 seq=6289 rx_latency=1ms tx_dur=1ms,17.906,
2724,10,280,2856321304,2026-07-14T15:00:39.876881+00:00,27.900139,15684,41,0202aa4001183d44005a5811460e29efbf1ffffffc2246cd1e00000fc0007ebfe9ed0737feebfff600,1,TX 41 seq=6290 rx_latency=1ms tx_dur=1ms,19.393,
2724,10,281,2856321305,2026-07-14T15:00:39.976816+00:00,28.000072,15784,41,0202aa4001193da8005a5811460e29efbf1ffffffc2246cd1e00000fc0007ebfe9ed0737feebfff600,1,TX 41 seq=6291 rx_latency=1ms tx_dur=1ms,22.196,
2724,10,282,2856321306,2026-07-14T15:00:40.076880+00:00,28.100138,15884,41,0202aa40011a3e0c005a5811460e29efbf1ffffffc2246cd1e00000fc0007ebfe9ed0737feebfff600,1,TX 41 seq=6292 rx_latency=1ms tx_dur=1ms,23.601,
2724,10,283,2856321307,2026-07-14T15:00:40.176873+00:00,28.200129,15984,41,0202aa40011b3e70005a5811460e29efbf1ffffffc2246cd1e00000fc0007ebfe9ed0737feebfff600,1,TX 41 seq=6293 rx_latency=1ms tx_dur=1ms,16.422,
2724,10,284,2856321308,2026-07-14T15:00:40.276902+00:00,28.300194,16084,41,0202aa40011c3ed4005a5811460e29efbf1ffffffc2246cd1e00000fc0007ebfe9ed0737feebfff600,1,TX 41 seq=6294 rx_latency=1ms tx_dur=1ms,17.276,
2724,10,285,2856321309,2026-07-14T15:00:40.376881+00:00,28.400144,16184,41,0202aa40011d3f38005a5811460e29efbf1ffffffc2246cd1e00000fc0007ebfe9ed0737feebfff600,1,TX 41 seq=6295 rx_latency=1ms tx_dur=1ms,19.463,
2724,10,286,2856321310,2026-07-14T15:00:40.476873+00:00,28.500135,16284,41,0202aa40011e3f9c005a5811460e29efbf1ffffffc2246cd1e00000fc0007ebfe9ed0737feebfff600,1,TX 41 seq=6296 rx_latency=1ms tx_dur=1ms,21.618,
2724,10,287,2856321311,2026-07-14T15:00:40.576859+00:00,28.600116,16384,41,0202aa40011f4000005a5811460e29efbf1ffffffc2246cd1e00000fc0007ebfe9ed0737feebfff600,1,TX 41 seq=6297 rx_latency=1ms tx_dur=1ms,23.512,
2724,10,288,2856321312,2026-07-14T15:00:40.676892+00:00,28.700172,16484,41,0202aa4001204064005a5811460e29efbf1ffffffc2246cd1e00000fc0007ebfe9ed0737feebfff600,1,TX 41 seq=6298 rx_latency=1ms tx_dur=1ms,15.254,
2724,10,289,2856321313,2026-07-14T15:00:40.776880+00:00,28.800143,16584,41,0202aa40012140c8005a5811460e29efbf1ffffffc2246cd1e00000fc0007ebfe9ed0737feebfff600,1,TX 41 seq=6299 rx_latency=1ms tx_dur=1ms,18.107,
2724,10,290,2856321314,2026-07-14T15:00:40.876882+00:00,28.900143,16684,41,0202aa400122412c005a5811460e29efbf1ffffffc2246cd1e00000fc0007ebfe9ed0737feebfff600,1,TX 41 seq=6300 rx_latency=1ms tx_dur=1ms,19.775,
2724,10,291,2856321315,2026-07-14T15:00:40.976882+00:00,29.000141,16784,41,0202aa4001234190005a5811460e29efbf1ffffffc2246cd1e00000fc0007ebfe9ed0737feebfff600,1,TX 41 seq=6301 rx_latency=1ms tx_dur=1ms,21.148,
2724,10,292,2856321316,2026-07-14T15:00:41.076880+00:00,29.100137,16884,41,0202aa40012441f4005a5811460e29efbf1ffffffc2246cd1e00000fc0007ebfe9ed0737feebfff600,1,TX 41 seq=6302 rx_latency=1ms tx_dur=1ms,23.770,
2724,10,293,2856321317,2026-07-14T15:00:41.176876+00:00,29.200135,16984,41,0202aa4001254258005a5811460e29efbf1ffffffc2246cd1e00000fc0007ebfe9ed0737feebfff600,1,TX 41 seq=6303 rx_latency=1ms tx_dur=1ms,16.536,
2724,10,294,2856321318,2026-07-14T15:00:41.276882+00:00,29.300141,17084,41,0202aa40012642bc005a5811460e29efbf1ffffffc2246cd1e00000fc0007ebfe9ed0737feebfff600,1,TX 41 seq=6304 rx_latency=1ms tx_dur=1ms,17.873,
2724,10,295,2856321319,2026-07-14T15:00:41.376881+00:00,29.400140,17184,41,0202aa4001274320005a5811460e29efbf1ffffffc2246cd1e00000fc0007ebfe9ed0737feebfff600,1,TX 41 seq=6305 rx_latency=1ms tx_dur=1ms,19.339,
2724,10,296,2856321320,2026-07-14T15:00:41.476874+00:00,29.500130,17284,41,0202aa4001284384005a5811460e29efbf1ffffffc2246cd1e00000fc0007ebfe9ed0737feebfff600,1,TX 41 seq=6306 rx_latency=1ms tx_dur=1ms,22.089,
2724,10,297,2856321321,2026-07-14T15:00:41.576882+00:00,29.600140,17384,41,0202aa40012943e8005a5811460e29efbf1ffffffc2246cd1e00000fc0007ebfe9ed0737feebfff600,1,TX 41 seq=6307 rx_latency=1ms tx_dur=1ms,23.442,
2724,10,298,2856321322,2026-07-14T15:00:41.676888+00:00,29.700160,17484,41,0202aa40012a444c005a5811460e29efbf1ffffffc2246cd1e00000fc0007ebfe9ed0737feebfff600,1,TX 41 seq=6308 rx_latency=1ms tx_dur=1ms,16.012,
2724,10,299,2856321323,2026-07-14T15:00:41.776875+00:00,29.800132,17584,41,0202aa40012b44b0005a5811460e29efbf1ffffffc2246cd1e00000fc0007ebfe9ed0737feebfff600,1,TX 41 seq=6309 rx_latency=1ms tx_dur=1ms,17.707,
2724,10,300,2856321324,2026-07-14T15:00:41.876882+00:00,29.900140,17684,41,0202aa40012c4514005a5811460e29efbf1ffffffc2246cd1e00000fc0007ebfe9ed0737feebfff600,1,TX 41 seq=6310 rx_latency=1ms tx_dur=1ms,19.167,
