received_at,elapsed_s,event,test_id,seq,station_id,generation_delta_time,payload_bytes,payload_encoding,asn_type,raw_hex,line,error
2026-07-14T14:15:56.100517+00:00,14.535897,valid,2714,1,2845835265,16319,41,hex,CAM,0202a9a000013fbf005a581155ce29efa761cc1cdc22467f9000e11fc0007ebfe9ed0737feebfff600,0202A9A000013FBF005A581155CE29EFA761CC1CDC22467F9000E11FC0007EBFE9ED0737FEEBFFF600,
2026-07-14T14:15:56.122145+00:00,14.557525,valid,2714,2,2845835266,18892,41,hex,CAM,0202a9a0000249cc005a581155ce29efa761cc1cdc22467f9000e11fc0007ebfe9ed0737feebfff600,0202A9A0000249CC005A581155CE29EFA761CC1CDC22467F9000E11FC0007EBFE9ED0737FEEBFFF600,
2026-07-14T14:15:56.144092+00:00,14.579469,valid,2714,3,2845835267,18914,41,hex,CAM,0202a9a0000349e2005a581155ce29efa761cc1cdc22467f9000e11fc0007ebfe9ed0737feebfff600,0202A9A0000349E2005A581155CE29EFA761CC1CDC22467F9000E11FC0007EBFE9ED0737FEEBFFF600,
2026-07-14T14:15:56.166808+00:00,14.602187,valid,2714,4,2845835268,18936,41,hex,CAM,0202a9a0000449f8005a581155ce29efa761cc1cdc22467f9000e11fc0007ebfe9ed0737feebfff600,0202A9A0000449F8005A581155CE29EFA761CC1CDC22467F9000E11FC0007EBFE9ED0737FEEBFFF600,
2026-07-14T14:15:56.188023+00:00,14.623395,valid,2714,5,2845835269,18958,41,hex,CAM,0202a9a000054a0e005a581155ce29efa761cc1cdc22467f9000e11fc0007ebfe9ed0737feebfff600,0202A9A000054A0E005A581155CE29EFA761CC1CDC22467F9000E11FC0007EBFE9ED0737FEEBFFF600,
2026-07-14T14:15:56.210086+00:00,14.645464,valid,2714,6,2845835270,18980,41,hex,CAM,0202a9a000064a24005a581155ce29efa761cc1cdc22467f9000e11fc0007ebfe9ed0737feebfff600,0202A9A000064A24005A581155CE29EFA761CC1CDC22467F9000E11FC0007EBFE9ED0737FEEBFFF600,
2026-07-14T14:15:56.231913+00:00,14.667281,valid,2714,7,2845835271,19002,41,hex,CAM,0202a9a000074a3a005a581155ce29efa761cc1cdc22467f9000e11fc0007ebfe9ed0737feebfff600,0202A9A000074A3A005A581155CE29EFA761CC1CDC22467F9000E11FC0007EBFE9ED0737FEEBFFF600,
2026-07-14T14:15:56.254061+00:00,14.689439,valid,2714,8,2845835272,19024,41,hex,CAM,0202a9a000084a50005a581155ce29efa761cc1cdc22467f9000e11fc0007ebfe9ed0737feebfff600,0202A9A000084A50005A581155CE29EFA761CC1CDC22467F9000E11FC0007EBFE9ED0737FEEBFFF600,
2026-07-14T14:15:56.275894+00:00,14.711263,valid,2714,9,2845835273,19046,41,hex,CAM,0202a9a000094a66005a581155ce29efa761cc1cdc22467f9000e11fc0007ebfe9ed0737feebfff600,0202A9A000094A66005A581155CE29EFA761CC1CDC22467F9000E11FC0007EBFE9ED0737FEEBFFF600,
2026-07-14T14:15:56.298079+00:00,14.733457,valid,2714,10,2845835274,19068,41,hex,CAM,0202a9a0000a4a7c005a581155ce29efa761cc1cdc22467f9000e11fc0007ebfe9ed0737feebfff600,0202A9A0000A4A7C005A581155CE29EFA761CC1CDC22467F9000E11FC0007EBFE9ED0737FEEBFFF600,
2026-07-14T14:15:56.320064+00:00,14.755443,valid,2714,11,2845835275,19090,41,hex,CAM,0202a9a0000b4a92005a581155ce29efa761cc1cdc22467f9000e11fc0007ebfe9ed0737feebfff600,0202A9A0000B4A92005A581155CE29EFA761CC1CDC22467F9000E11FC0007EBFE9ED0737FEEBFFF600,
2026-07-14T14:15:56.342098+00:00,14.777475,valid,2714,12,2845835276,19112,41,hex,CAM,0202a9a0000c4aa8005a581155ce29efa761cc1cdc22467f9000e11fc0007ebfe9ed0737feebfff600,0202A9A0000C4AA8005A581155CE29EFA761CC1CDC22467F9000E11FC0007EBFE9ED0737FEEBFFF600,
2026-07-14T14:15:56.363995+00:00,14.799364,valid,2714,13,2845835277,19134,41,hex,CAM,0202a9a0000d4abe005a581155ce29efa761cc1cdc22467f9000e11fc0007ebfe9ed0737feebfff600,0202A9A0000D4ABE005A581155CE29EFA761CC1CDC22467F9000E11FC0007EBFE9ED0737FEEBFFF600,
2026-07-14T14:15:56.386035+00:00,14.821413,valid,2714,14,2845835278,19156,41,hex,CAM,0202a9a0000e4ad4005a581155ce29efa761cc1cdc22467f9000e11fc0007ebfe9ed0737feebfff600,0202A9A0000E4AD4005A581155CE29EFA761CC1CDC22467F9000E11FC0007EBFE9ED0737FEEBFFF600,
2026-07-14T14:15:56.408018+00:00,14.843394,valid,2714,15,2845835279,19178,41,hex,CAM,0202a9a0000f4aea005a581155ce29efa761cc1cdc22467f9000e11fc0007ebfe9ed0737feebfff600,0202A9A0000F4AEA005A581155CE29EFA761CC1CDC22467F9000E11FC0007EBFE9ED0737FEEBFFF600,
2026-07-14T14:15:56.430145+00:00,14.865525,valid,2714,16,2845835280,19200,41,hex,CAM,0202a9a000104b00005a581155ce29efa761cc1cdc22467f9000e11fc0007ebfe9ed0737feebfff600,0202A9A000104B00005A581155CE29EFA761CC1CDC22467F9000E11FC0007EBFE9ED0737FEEBFFF600,
2026-07-14T14:15:56.452107+00:00,14.887486,valid,2714,17,2845835281,19222,41,hex,CAM,0202a9a000114b16005a581155ce29efa761cc1cdc22467f9000e11fc0007ebfe9ed0737feebfff600,0202A9A000114B16005A581155CE29EFA761CC1CDC22467F9000E11FC0007EBFE9ED0737FEEBFFF600,
2026-07-14T14:15:56.474130+00:00,14.909507,valid,2714,18,2845835282,19244,41,hex,CAM,0202a9a000124b2c005a581155ce29efa761cc1cdc22467f9000e11fc0007ebfe9ed0737feebfff600,0202A9A000124B2C005A581155CE29EFA761CC1CDC22467F9000E11FC0007EBFE9ED0737FEEBFFF600,
2026-07-14T14:15:56.496122+00:00,14.931509,valid,2714,19,2845835283,19266,41,hex,CAM,0202a9a000134b42005a581155ce29efa761cc1cdc22467f9000e11fc0007ebfe9ed0737feebfff600,0202A9A000134B42005A581155CE29EFA761CC1CDC22467F9000E11FC0007EBFE9ED0737FEEBFFF600,
2026-07-14T14:15:56.518157+00:00,14.953536,valid,2714,20,2845835284,19288,41,hex,CAM,0202a9a000144b58005a581155ce29efa761cc1cdc22467f9000e11fc0007ebfe9ed0737feebfff600,0202A9A000144B58005A581155CE29EFA761CC1CDC22467F9000E11FC0007EBFE9ED0737FEEBFFF600,
2026-07-14T14:15:56.540121+00:00,14.975499,valid,2714,21,2845835285,19310,41,hex,CAM,0202a9a000154b6e005a581155ce29efa761cc1cdc22467f9000e11fc0007ebfe9ed0737feebfff600,0202A9A000154B6E005A581155CE29EFA761CC1CDC22467F9000E11FC0007EBFE9ED0737FEEBFFF600,
2026-07-14T14:15:56.562087+00:00,14.997468,valid,2714,22,2845835286,19332,41,hex,CAM,0202a9a000164b84005a581155ce29efa761cc1cdc22467f9000e11fc0007ebfe9ed0737feebfff600,0202A9A000164B84005A581155CE29EFA761CC1CDC22467F9000E11FC0007EBFE9ED0737FEEBFFF600,
2026-07-14T14:15:56.584145+00:00,15.019521,valid,2714,23,2845835287,19354,41,hex,CAM,0202a9a000174b9a005a581155ce29efa761cc1cdc22467f9000e11fc0007ebfe9ed0737feebfff600,0202A9A000174B9A005A581155CE29EFA761CC1CDC22467F9000E11FC0007EBFE9ED0737FEEBFFF600,
2026-07-14T14:15:56.605899+00:00,15.041263,valid,2714,24,2845835288,19376,41,hex,CAM,0202a9a000184bb0005a581155ce29efa761cc1cdc22467f9000e11fc0007ebfe9ed0737feebfff600,0202A9A000184BB0005A581155CE29EFA761CC1CDC22467F9000E11FC0007EBFE9ED0737FEEBFFF600,
2026-07-14T14:15:56.628070+00:00,15.063445,valid,2714,25,2845835289,19398,41,hex,CAM,0202a9a000194bc6005a581155ce29efa761cc1cdc22467f9000e11fc0007ebfe9ed0737feebfff600,0202A9A000194BC6005A581155CE29EFA761CC1CDC22467F9000E11FC0007EBFE9ED0737FEEBFFF600,
2026-07-14T14:15:56.650064+00:00,15.085438,valid,2714,26,2845835290,19420,41,hex,CAM,0202a9a0001a4bdc005a581155ce29efa761cc1cdc22467f9000e11fc0007ebfe9ed0737feebfff600,0202A9A0001A4BDC005A581155CE29EFA761CC1CDC22467F9000E11FC0007EBFE9ED0737FEEBFFF600,
2026-07-14T14:15:56.671891+00:00,15.107256,valid,2714,27,2845835291,19442,41,hex,CAM,0202a9a0001b4bf2005a581155ce29efa761cc1cdc22467f9000e11fc0007ebfe9ed0737feebfff600,0202A9A0001B4BF2005A581155CE29EFA761CC1CDC22467F9000E11FC0007EBFE9ED0737FEEBFFF600,
2026-07-14T14:15:56.693852+00:00,15.129223,valid,2714,28,2845835292,19464,41,hex,CAM,0202a9a0001c4c08005a581155ce29efa761cc1cdc22467f9000e11fc0007ebfe9ed0737feebfff600,0202A9A0001C4C08005A581155CE29EFA761CC1CDC22467F9000E11FC0007EBFE9ED0737FEEBFFF600,
2026-07-14T14:15:56.715957+00:00,15.151329,valid,2714,29,2845835293,19486,41,hex,CAM,0202a9a0001d4c1e005a581155ce29efa761cc1cdc22467f9000e11fc0007ebfe9ed0737feebfff600,0202A9A0001D4C1E005A581155CE29EFA761CC1CDC22467F9000E11FC0007EBFE9ED0737FEEBFFF600,
2026-07-14T14:15:56.737958+00:00,15.173332,valid,2714,30,2845835294,19508,41,hex,CAM,0202a9a0001e4c34005a581155ce29efa761cc1cdc22467f9000e11fc0007ebfe9ed0737feebfff600,0202A9A0001E4C34005A581155CE29EFA761CC1CDC22467F9000E11FC0007EBFE9ED0737FEEBFFF600,
2026-07-14T14:15:56.760036+00:00,15.195410,valid,2714,31,2845835295,19530,41,hex,CAM,0202a9a0001f4c4a005a581155ce29efa761cc1cdc22467f9000e11fc0007ebfe9ed0737feebfff600,0202A9A0001F4C4A005A581155CE29EFA761CC1CDC22467F9000E11FC0007EBFE9ED0737FEEBFFF600,
2026-07-14T14:15:56.781911+00:00,15.217288,valid,2714,32,2845835296,19552,41,hex,CAM,0202a9a000204c60005a581155ce29efa761cc1cdc22467f9000e11fc0007ebfe9ed0737feebfff600,0202A9A000204C60005A581155CE29EFA761CC1CDC22467F9000E11FC0007EBFE9ED0737FEEBFFF600,
2026-07-14T14:15:56.803890+00:00,15.239260,valid,2714,33,2845835297,19574,41,hex,CAM,0202a9a000214c76005a581155ce29efa761cc1cdc22467f9000e11fc0007ebfe9ed0737feebfff600,0202A9A000214C76005A581155CE29EFA761CC1CDC22467F9000E11FC0007EBFE9ED0737FEEBFFF600,
2026-07-14T14:15:56.846144+00:00,15.281527,valid,2714,34,2845835298,19619,41,hex,CAM,0202a9a000224ca3005a581155ce29efa761cc1cdc22467f9000e11fc0007ebfe9ed0737feebfff600,0202A9A000224CA3005A581155CE29EFA761CC1CDC22467F9000E11FC0007EBFE9ED0737FEEBFFF600,
2026-07-14T14:15:56.948094+00:00,15.383476,valid,2714,35,2845835299,19719,41,hex,CAM,0202a9a000234d07005a581155ce29efa761cc1cdc22467f9000e11fc0007ebfe9ed0737feebfff600,0202A9A000234D07005A581155CE29EFA761CC1CDC22467F9000E11FC0007EBFE9ED0737FEEBFFF600,
2026-07-14T14:15:57.049543+00:00,15.484912,valid,2714,36,2845835300,19819,41,hex,CAM,0202a9a000244d6b005a581155ce29efa761cc1cdc22467f9000e11fc0007ebfe9ed0737feebfff600,0202A9A000244D6B005A581155CE29EFA761CC1CDC22467F9000E11FC0007EBFE9ED0737FEEBFFF600,
2026-07-14T14:15:57.142223+00:00,15.577604,valid,2714,37,2845835301,19919,41,hex,CAM,0202a9a000254dcf005a581155ce29efa761cc1cdc22467f9000e11fc0007ebfe9ed0737feebfff600,0202A9A000254DCF005A581155CE29EFA761CC1CDC22467F9000E11FC0007EBFE9ED0737FEEBFFF600,
2026-07-14T14:15:57.244188+00:00,15.679568,valid,2714,38,2845835302,20019,41,hex,CAM,0202a9a000264e33005a581155ce29efa761cc1cdc22467f9000e11fc0007ebfe9ed0737feebfff600,0202A9A000264E33005A581155CE29EFA761CC1CDC22467F9000E11FC0007EBFE9ED0737FEEBFFF600,
2026-07-14T14:15:57.346154+00:00,15.781535,valid,2714,39,2845835303,20119,41,hex,CAM,0202a9a000274e97005a581155ce29efa761cc1cdc22467f9000e11fc0007ebfe9ed0737feebfff600,0202A9A000274E97005A581155CE29EFA761CC1CDC22467F9000E11FC0007EBFE9ED0737FEEBFFF600,
2026-07-14T14:15:57.448385+00:00,15.883765,valid,2714,40,2845835304,20219,41,hex,CAM,0202a9a000284efb005a581155ce29efa761cc1cdc22467f9000e11fc0007ebfe9ed0737feebfff600,0202A9A000284EFB005A581155CE29EFA761CC1CDC22467F9000E11FC0007EBFE9ED0737FEEBFFF600,
2026-07-14T14:15:57.551819+00:00,15.987212,valid,2714,41,2845835305,20319,41,hex,CAM,0202a9a000294f5f005a581155ce29efa761cc1cdc22467f9000e11fc0007ebfe9ed0737feebfff600,0202A9A000294F5F005A581155CE29EFA761CC1CDC22467F9000E11FC0007EBFE9ED0737FEEBFFF600,
2026-07-14T14:15:57.641456+00:00,16.076822,valid,2714,42,2845835306,20419,41,hex,CAM,0202a9a0002a4fc3005a581155ce29efa761cc1cdc22467f9000e11fc0007ebfe9ed0737feebfff600,0202A9A0002A4FC3005A581155CE29EFA761CC1CDC22467F9000E11FC0007EBFE9ED0737FEEBFFF600,
2026-07-14T14:15:57.745742+00:00,16.181138,valid,2714,43,2845835307,20519,41,hex,CAM,0202a9a0002b5027005a581155ce29efa761cc1cdc22467f9000e11fc0007ebfe9ed0737feebfff600,0202A9A0002B5027005A581155CE29EFA761CC1CDC22467F9000E11FC0007EBFE9ED0737FEEBFFF600,
2026-07-14T14:15:57.847455+00:00,16.282841,valid,2714,44,2845835308,20619,41,hex,CAM,0202a9a0002c508b005a581155ce29efa761cc1cdc22467f9000e11fc0007ebfe9ed0737feebfff600,0202A9A0002C508B005A581155CE29EFA761CC1CDC22467F9000E11FC0007EBFE9ED0737FEEBFFF600,
2026-07-14T14:15:57.948266+00:00,16.383655,valid,2714,45,2845835309,20719,41,hex,CAM,0202a9a0002d50ef005a581155ce29efa761cc1cdc22467f9000e11fc0007ebfe9ed0737feebfff600,0202A9A0002D50EF005A581155CE29EFA761CC1CDC22467F9000E11FC0007EBFE9ED0737FEEBFFF600,
2026-07-14T14:15:58.049940+00:00,16.485315,valid,2714,46,2845835310,20819,41,hex,CAM,0202a9a0002e5153005a581155ce29efa761cc1cdc22467f9000e11fc0007ebfe9ed0737feebfff600,0202A9A0002E5153005A581155CE29EFA761CC1CDC22467F9000E11FC0007EBFE9ED0737FEEBFFF600,
2026-07-14T14:15:58.142107+00:00,16.577484,valid,2714,47,2845835311,20919,41,hex,CAM,0202a9a0002f51b7005a581155ce29efa761cc1cdc22467f9000e11fc0007ebfe9ed0737feebfff600,0202A9A0002F51B7005A581155CE29EFA761CC1CDC22467F9000E11FC0007EBFE9ED0737FEEBFFF600,
2026-07-14T14:15:58.244285+00:00,16.679667,valid,2714,48,2845835312,21019,41,hex,CAM,0202a9a00030521b005a581155ce29efa761cc1cdc22467f9000e11fc0007ebfe9ed0737feebfff600,0202A9A00030521B005A581155CE29EFA761CC1CDC22467F9000E11FC0007EBFE9ED0737FEEBFFF600,
2026-07-14T14:15:58.347720+00:00,16.783111,valid,2714,49,2845835313,21119,41,hex,CAM,0202a9a00031527f005a581155ce29efa761cc1cdc22467f9000e11fc0007ebfe9ed0737feebfff600,0202A9A00031527F005A581155CE29EFA761CC1CDC22467F9000E11FC0007EBFE9ED0737FEEBFFF600,
2026-07-14T14:15:58.449615+00:00,16.885033,valid,2714,50,2845835314,21219,41,hex,CAM,0202a9a0003252e3005a581155ce29efa761cc1cdc22467f9000e11fc0007ebfe9ed0737feebfff600,0202A9A0003252E3005A581155CE29EFA761CC1CDC22467F9000E11FC0007EBFE9ED0737FEEBFFF600,
2026-07-14T14:15:58.551592+00:00,16.987004,valid,2714,51,2845835315,21319,41,hex,CAM,0202a9a000335347005a581155ce29efa761cc1cdc22467f9000e11fc0007ebfe9ed0737feebfff600,0202A9A000335347005A581155CE29EFA761CC1CDC22467F9000E11FC0007EBFE9ED0737FEEBFFF600,
2026-07-14T14:15:58.643702+00:00,17.079096,valid,2714,52,2845835316,21419,41,hex,CAM,0202a9a0003453ab005a581155ce29efa761cc1cdc22467f9000e11fc0007ebfe9ed0737feebfff600,0202A9A0003453AB005A581155CE29EFA761CC1CDC22467F9000E11FC0007EBFE9ED0737FEEBFFF600,
2026-07-14T14:15:58.745841+00:00,17.181235,valid,2714,53,2845835317,21519,41,hex,CAM,0202a9a00035540f005a581155ce29efa761cc1cdc22467f9000e11fc0007ebfe9ed0737feebfff600,0202A9A00035540F005A581155CE29EFA761CC1CDC22467F9000E11FC0007EBFE9ED0737FEEBFFF600,
2026-07-14T14:15:58.847399+00:00,17.282780,valid,2714,54,2845835318,21619,41,hex,CAM,0202a9a000365473005a581155ce29efa761cc1cdc22467f9000e11fc0007ebfe9ed0737feebfff600,0202A9A000365473005A581155CE29EFA761CC1CDC22467F9000E11FC0007EBFE9ED0737FEEBFFF600,
2026-07-14T14:15:58.948140+00:00,17.383520,valid,2714,55,2845835319,21719,41,hex,CAM,0202a9a0003754d7005a581155ce29efa761cc1cdc22467f9000e11fc0007ebfe9ed0737feebfff600,0202A9A0003754D7005A581155CE29EFA761CC1CDC22467F9000E11FC0007EBFE9ED0737FEEBFFF600,
2026-07-14T14:15:59.050194+00:00,17.485575,valid,2714,56,2845835320,21819,41,hex,CAM,0202a9a00038553b005a581155ce29efa761cc1cdc22467f9000e11fc0007ebfe9ed0737feebfff600,0202A9A00038553B005A581155CE29EFA761CC1CDC22467F9000E11FC0007EBFE9ED0737FEEBFFF600,
2026-07-14T14:15:59.142119+00:00,17.577500,valid,2714,57,2845835321,21919,41,hex,CAM,0202a9a00039559f005a581155ce29efa761cc1cdc22467f9000e11fc0007ebfe9ed0737feebfff600,0202A9A00039559F005A581155CE29EFA761CC1CDC22467F9000E11FC0007EBFE9ED0737FEEBFFF600,
2026-07-14T14:15:59.245661+00:00,17.681052,valid,2714,58,2845835322,22019,41,hex,CAM,0202a9a0003a5603005a581155ce29efa761cc1cdc22467f9000e11fc0007ebfe9ed0737feebfff600,0202A9A0003A5603005A581155CE29EFA761CC1CDC22467F9000E11FC0007EBFE9ED0737FEEBFFF600,
2026-07-14T14:15:59.347807+00:00,17.783200,valid,2714,59,2845835323,22119,41,hex,CAM,0202a9a0003b5667005a581155ce29efa761cc1cdc22467f9000e11fc0007ebfe9ed0737feebfff600,0202A9A0003B5667005A581155CE29EFA761CC1CDC22467F9000E11FC0007EBFE9ED0737FEEBFFF600,
2026-07-14T14:15:59.449849+00:00,17.885240,valid,2714,60,2845835324,22219,41,hex,CAM,0202a9a0003c56cb005a581155ce29efa761cc1cdc22467f9000e11fc0007ebfe9ed0737feebfff600,0202A9A0003C56CB005A581155CE29EFA761CC1CDC22467F9000E11FC0007EBFE9ED0737FEEBFFF600,
2026-07-14T14:15:59.551486+00:00,17.986869,valid,2714,61,2845835325,22319,41,hex,CAM,0202a9a0003d572f005a581155ce29efa761cc1cdc22467f9000e11fc0007ebfe9ed0737feebfff600,0202A9A0003D572F005A581155CE29EFA761CC1CDC22467F9000E11FC0007EBFE9ED0737FEEBFFF600,
2026-07-14T14:15:59.642048+00:00,18.077428,valid,2714,62,2845835326,22419,41,hex,CAM,0202a9a0003e5793005a581155ce29efa761cc1cdc22467f9000e11fc0007ebfe9ed0737feebfff600,0202A9A0003E5793005A581155CE29EFA761CC1CDC22467F9000E11FC0007EBFE9ED0737FEEBFFF600,
2026-07-14T14:15:59.744177+00:00,18.179567,valid,2714,63,2845835327,22519,41,hex,CAM,0202a9a0003f57f7005a581155ce29efa761cc1cdc22467f9000e11fc0007ebfe9ed0737feebfff600,0202A9A0003F57F7005A581155CE29EFA761CC1CDC22467F9000E11FC0007EBFE9ED0737FEEBFFF600,
2026-07-14T14:15:59.846103+00:00,18.281483,valid,2714,64,2845835328,22619,41,hex,CAM,0202a9a00040585b005a581155ce29efa761cc1cdc22467f9000e11fc0007ebfe9ed0737feebfff600,0202A9A00040585B005A581155CE29EFA761CC1CDC22467F9000E11FC0007EBFE9ED0737FEEBFFF600,
2026-07-14T14:15:59.948186+00:00,18.383568,valid,2714,65,2845835329,22719,41,hex,CAM,0202a9a0004158bf005a581155ce29efa761cc1cdc22467f9000e11fc0007ebfe9ed0737feebfff600,0202A9A0004158BF005A581155CE29EFA761CC1CDC22467F9000E11FC0007EBFE9ED0737FEEBFFF600,
2026-07-14T14:16:00.050150+00:00,18.485531,valid,2714,66,2845835330,22819,41,hex,CAM,0202a9a000425923005a581155ce29efa761cc1cdc22467f9000e11fc0007ebfe9ed0737feebfff600,0202A9A000425923005A581155CE29EFA761CC1CDC22467F9000E11FC0007EBFE9ED0737FEEBFFF600,
2026-07-14T14:16:00.142063+00:00,18.577443,valid,2714,67,2845835331,22919,41,hex,CAM,0202a9a000435987005a581155ce29efa761cc1cdc22467f9000e11fc0007ebfe9ed0737feebfff600,0202A9A000435987005A581155CE29EFA761CC1CDC22467F9000E11FC0007EBFE9ED0737FEEBFFF600,
2026-07-14T14:16:00.244047+00:00,18.679424,valid,2714,68,2845835332,23019,41,hex,CAM,0202a9a0004459eb005a581155ce29efa761cc1cdc22467f9000e11fc0007ebfe9ed0737feebfff600,0202A9A0004459EB005A581155CE29EFA761CC1CDC22467F9000E11FC0007EBFE9ED0737FEEBFFF600,
2026-07-14T14:16:00.346026+00:00,18.781404,valid,2714,69,2845835333,23119,41,hex,CAM,0202a9a000455a4f005a581155ce29efa761cc1cdc22467f9000e11fc0007ebfe9ed0737feebfff600,0202A9A000455A4F005A581155CE29EFA761CC1CDC22467F9000E11FC0007EBFE9ED0737FEEBFFF600,
2026-07-14T14:16:00.448122+00:00,18.883503,valid,2714,70,2845835334,23219,41,hex,CAM,0202a9a000465ab3005a581155ce29efa761cc1cdc22467f9000e11fc0007ebfe9ed0737feebfff600,0202A9A000465AB3005A581155CE29EFA761CC1CDC22467F9000E11FC0007EBFE9ED0737FEEBFFF600,
2026-07-14T14:16:00.550103+00:00,18.985483,valid,2714,71,2845835335,23319,41,hex,CAM,0202a9a000475b17005a581155ce29efa761cc1cdc22467f9000e11fc0007ebfe9ed0737feebfff600,0202A9A000475B17005A581155CE29EFA761CC1CDC22467F9000E11FC0007EBFE9ED0737FEEBFFF600,
2026-07-14T14:16:00.642071+00:00,19.077451,valid,2714,72,2845835336,23419,41,hex,CAM,0202a9a000485b7b005a581155ce29efa761cc1cdc22467f9000e11fc0007ebfe9ed0737feebfff600,0202A9A000485B7B005A581155CE29EFA761CC1CDC22467F9000E11FC0007EBFE9ED0737FEEBFFF600,
2026-07-14T14:16:00.744150+00:00,19.179531,valid,2714,73,2845835337,23519,41,hex,CAM,0202a9a000495bdf005a581155ce29efa761cc1cdc22467f9000e11fc0007ebfe9ed0737feebfff600,0202A9A000495BDF005A581155CE29EFA761CC1CDC22467F9000E11FC0007EBFE9ED0737FEEBFFF600,
2026-07-14T14:16:00.845480+00:00,19.280849,valid,2714,74,2845835338,23619,41,hex,CAM,0202a9a0004a5c43005a581155ce29efa761cc1cdc22467f9000e11fc0007ebfe9ed0737feebfff600,0202A9A0004A5C43005A581155CE29EFA761CC1CDC22467F9000E11FC0007EBFE9ED0737FEEBFFF600,
2026-07-14T14:16:00.948183+00:00,19.383564,valid,2714,75,2845835339,23719,41,hex,CAM,0202a9a0004b5ca7005a581155ce29efa761cc1cdc22467f9000e11fc0007ebfe9ed0737feebfff600,0202A9A0004B5CA7005A581155CE29EFA761CC1CDC22467F9000E11FC0007EBFE9ED0737FEEBFFF600,
2026-07-14T14:16:01.050223+00:00,19.485604,valid,2714,76,2845835340,23819,41,hex,CAM,0202a9a0004c5d0b005a581155ce29efa761cc1cdc22467f9000e11fc0007ebfe9ed0737feebfff600,0202A9A0004C5D0B005A581155CE29EFA761CC1CDC22467F9000E11FC0007EBFE9ED0737FEEBFFF600,
2026-07-14T14:16:01.142096+00:00,19.577476,valid,2714,77,2845835341,23919,41,hex,CAM,0202a9a0004d5d6f005a581155ce29efa761cc1cdc22467f9000e11fc0007ebfe9ed0737feebfff600,0202A9A0004D5D6F005A581155CE29EFA761CC1CDC22467F9000E11FC0007EBFE9ED0737FEEBFFF600,
2026-07-14T14:16:01.243808+00:00,19.679186,valid,2714,78,2845835342,24019,41,hex,CAM,0202a9a0004e5dd3005a581155ce29efa761cc1cdc22467f9000e11fc0007ebfe9ed0737feebfff600,0202A9A0004E5DD3005A581155CE29EFA761CC1CDC22467F9000E11FC0007EBFE9ED0737FEEBFFF600,
2026-07-14T14:16:01.346095+00:00,19.781476,valid,2714,79,2845835343,24119,41,hex,CAM,0202a9a0004f5e37005a581155ce29efa761cc1cdc22467f9000e11fc0007ebfe9ed0737feebfff600,0202A9A0004F5E37005A581155CE29EFA761CC1CDC22467F9000E11FC0007EBFE9ED0737FEEBFFF600,
2026-07-14T14:16:01.448084+00:00,19.883466,valid,2714,80,2845835344,24219,41,hex,CAM,0202a9a000505e9b005a581155ce29efa761cc1cdc22467f9000e11fc0007ebfe9ed0737feebfff600,0202A9A000505E9B005A581155CE29EFA761CC1CDC22467F9000E11FC0007EBFE9ED0737FEEBFFF600,
2026-07-14T14:16:01.550078+00:00,19.985460,valid,2714,81,2845835345,24319,41,hex,CAM,0202a9a000515eff005a581155ce29efa761cc1cdc22467f9000e11fc0007ebfe9ed0737feebfff600,0202A9A000515EFF005A581155CE29EFA761CC1CDC22467F9000E11FC0007EBFE9ED0737FEEBFFF600,
2026-07-14T14:16:01.642106+00:00,20.077487,valid,2714,82,2845835346,24419,41,hex,CAM,0202a9a000525f63005a581155ce29efa761cc1cdc22467f9000e11fc0007ebfe9ed0737feebfff600,0202A9A000525F63005A581155CE29EFA761CC1CDC22467F9000E11FC0007EBFE9ED0737FEEBFFF600,
2026-07-14T14:16:01.744160+00:00,20.179540,valid,2714,83,2845835347,24519,41,hex,CAM,0202a9a000535fc7005a581155ce29efa761cc1cdc22467f9000e11fc0007ebfe9ed0737feebfff600,0202A9A000535FC7005A581155CE29EFA761CC1CDC22467F9000E11FC0007EBFE9ED0737FEEBFFF600,
2026-07-14T14:16:01.847872+00:00,20.283263,valid,2714,84,2845835348,24619,41,hex,CAM,0202a9a00054602b005a581155ce29efa761cc1cdc22467f9000e11fc0007ebfe9ed0737feebfff600,0202A9A00054602B005A581155CE29EFA761CC1CDC22467F9000E11FC0007EBFE9ED0737FEEBFFF600,
2026-07-14T14:16:01.948090+00:00,20.383468,valid,2714,85,2845835349,24719,41,hex,CAM,0202a9a00055608f005a581155ce29efa761cc1cdc22467f9000e11fc0007ebfe9ed0737feebfff600,0202A9A00055608F005A581155CE29EFA761CC1CDC22467F9000E11FC0007EBFE9ED0737FEEBFFF600,
2026-07-14T14:16:02.050043+00:00,20.485424,valid,2714,86,2845835350,24819,41,hex,CAM,0202a9a0005660f3005a581155ce29efa761cc1cdc22467f9000e11fc0007ebfe9ed0737feebfff600,0202A9A0005660F3005A581155CE29EFA761CC1CDC22467F9000E11FC0007EBFE9ED0737FEEBFFF600,
2026-07-14T14:16:02.142174+00:00,20.577555,valid,2714,87,2845835351,24919,41,hex,CAM,0202a9a000576157005a581155ce29efa761cc1cdc22467f9000e11fc0007ebfe9ed0737feebfff600,0202A9A000576157005A581155CE29EFA761CC1CDC22467F9000E11FC0007EBFE9ED0737FEEBFFF600,
2026-07-14T14:16:02.244141+00:00,20.679522,valid,2714,88,2845835352,25019,41,hex,CAM,0202a9a0005861bb005a581155ce29efa761cc1cdc22467f9000e11fc0007ebfe9ed0737feebfff600,0202A9A0005861BB005A581155CE29EFA761CC1CDC22467F9000E11FC0007EBFE9ED0737FEEBFFF600,
2026-07-14T14:16:02.346158+00:00,20.781539,valid,2714,89,2845835353,25119,41,hex,CAM,0202a9a00059621f005a581155ce29efa761cc1cdc22467f9000e11fc0007ebfe9ed0737feebfff600,0202A9A00059621F005A581155CE29EFA761CC1CDC22467F9000E11FC0007EBFE9ED0737FEEBFFF600,
2026-07-14T14:16:02.448069+00:00,20.883452,valid,2714,90,2845835354,25219,41,hex,CAM,0202a9a0005a6283005a581155ce29efa761cc1cdc22467f9000e11fc0007ebfe9ed0737feebfff600,0202A9A0005A6283005A581155CE29EFA761CC1CDC22467F9000E11FC0007EBFE9ED0737FEEBFFF600,
2026-07-14T14:16:02.550055+00:00,20.985437,valid,2714,91,2845835355,25319,41,hex,CAM,0202a9a0005b62e7005a581155ce29efa761cc1cdc22467f9000e11fc0007ebfe9ed0737feebfff600,0202A9A0005B62E7005A581155CE29EFA761CC1CDC22467F9000E11FC0007EBFE9ED0737FEEBFFF600,
2026-07-14T14:16:02.642126+00:00,21.077505,valid,2714,92,2845835356,25419,41,hex,CAM,0202a9a0005c634b005a581155ce29efa761cc1cdc22467f9000e11fc0007ebfe9ed0737feebfff600,0202A9A0005C634B005A581155CE29EFA761CC1CDC22467F9000E11FC0007EBFE9ED0737FEEBFFF600,
2026-07-14T14:16:02.744028+00:00,21.179407,valid,2714,93,2845835357,25519,41,hex,CAM,0202a9a0005d63af005a581155ce29efa761cc1cdc22467f9000e11fc0007ebfe9ed0737feebfff600,0202A9A0005D63AF005A581155CE29EFA761CC1CDC22467F9000E11FC0007EBFE9ED0737FEEBFFF600,
2026-07-14T14:16:02.845432+00:00,21.280806,valid,2714,94,2845835358,25619,41,hex,CAM,0202a9a0005e6413005a581155ce29efa761cc1cdc22467f9000e11fc0007ebfe9ed0737feebfff600,0202A9A0005E6413005A581155CE29EFA761CC1CDC22467F9000E11FC0007EBFE9ED0737FEEBFFF600,
2026-07-14T14:16:02.947386+00:00,21.382747,valid,2714,95,2845835359,25719,41,hex,CAM,0202a9a0005f6477005a581155ce29efa761cc1cdc22467f9000e11fc0007ebfe9ed0737feebfff600,0202A9A0005F6477005A581155CE29EFA761CC1CDC22467F9000E11FC0007EBFE9ED0737FEEBFFF600,
2026-07-14T14:16:03.051389+00:00,21.486775,valid,2714,96,2845835360,25819,41,hex,CAM,0202a9a0006064db005a581155ce29efa761cc1cdc22467f9000e11fc0007ebfe9ed0737feebfff600,0202A9A0006064DB005A581155CE29EFA761CC1CDC22467F9000E11FC0007EBFE9ED0737FEEBFFF600,
2026-07-14T14:16:03.143761+00:00,21.579154,valid,2714,97,2845835361,25919,41,hex,CAM,0202a9a00061653f005a581155ce29efa761cc1cdc22467f9000e11fc0007ebfe9ed0737feebfff600,0202A9A00061653F005A581155CE29EFA761CC1CDC22467F9000E11FC0007EBFE9ED0737FEEBFFF600,
2026-07-14T14:16:03.245921+00:00,21.681316,valid,2714,98,2845835362,26019,41,hex,CAM,0202a9a0006265a3005a581155ce29efa761cc1cdc22467f9000e11fc0007ebfe9ed0737feebfff600,0202A9A0006265A3005A581155CE29EFA761CC1CDC22467F9000E11FC0007EBFE9ED0737FEEBFFF600,
2026-07-14T14:16:03.347605+00:00,21.783012,valid,2714,99,2845835363,26119,41,hex,CAM,0202a9a000636607005a581155ce29efa761cc1cdc22467f9000e11fc0007ebfe9ed0737feebfff600,0202A9A000636607005A581155CE29EFA761CC1CDC22467F9000E11FC0007EBFE9ED0737FEEBFFF600,
2026-07-14T14:16:03.449686+00:00,21.885080,valid,2714,100,2845835364,26219,41,hex,CAM,0202a9a00064666b005a581155ce29efa761cc1cdc22467f9000e11fc0007ebfe9ed0737feebfff600,0202A9A00064666B005A581155CE29EFA761CC1CDC22467F9000E11FC0007EBFE9ED0737FEEBFFF600,
2026-07-14T14:16:03.551411+00:00,21.986793,valid,2714,101,2845835365,26319,41,hex,CAM,0202a9a0006566cf005a581155ce29efa761cc1cdc22467f9000e11fc0007ebfe9ed0737feebfff600,0202A9A0006566CF005A581155CE29EFA761CC1CDC22467F9000E11FC0007EBFE9ED0737FEEBFFF600,
2026-07-14T14:16:03.642095+00:00,22.077477,valid,2714,102,2845835366,26419,41,hex,CAM,0202a9a000666733005a581155ce29efa761cc1cdc22467f9000e11fc0007ebfe9ed0737feebfff600,0202A9A000666733005A581155CE29EFA761CC1CDC22467F9000E11FC0007EBFE9ED0737FEEBFFF600,
2026-07-14T14:16:03.743724+00:00,22.179099,valid,2714,103,2845835367,26519,41,hex,CAM,0202a9a000676797005a581155ce29efa761cc1cdc22467f9000e11fc0007ebfe9ed0737feebfff600,0202A9A000676797005A581155CE29EFA761CC1CDC22467F9000E11FC0007EBFE9ED0737FEEBFFF600,
2026-07-14T14:16:03.846199+00:00,22.281580,valid,2714,104,2845835368,26619,41,hex,CAM,0202a9a0006867fb005a581155ce29efa761cc1cdc22467f9000e11fc0007ebfe9ed0737feebfff600,0202A9A0006867FB005A581155CE29EFA761CC1CDC22467F9000E11FC0007EBFE9ED0737FEEBFFF600,
2026-07-14T14:16:03.948166+00:00,22.383547,valid,2714,105,2845835369,26719,41,hex,CAM,0202a9a00069685f005a581155ce29efa761cc1cdc22467f9000e11fc0007ebfe9ed0737feebfff600,0202A9A00069685F005A581155CE29EFA761CC1CDC22467F9000E11FC0007EBFE9ED0737FEEBFFF600,
2026-07-14T14:16:04.050145+00:00,22.485525,valid,2714,106,2845835370,26819,41,hex,CAM,0202a9a0006a68c3005a581155ce29efa761cc1cdc22467f9000e11fc0007ebfe9ed0737feebfff600,0202A9A0006A68C3005A581155CE29EFA761CC1CDC22467F9000E11FC0007EBFE9ED0737FEEBFFF600,
2026-07-14T14:16:04.142092+00:00,22.577475,valid,2714,107,2845835371,26919,41,hex,CAM,0202a9a0006b6927005a581155ce29efa761cc1cdc22467f9000e11fc0007ebfe9ed0737feebfff600,0202A9A0006B6927005A581155CE29EFA761CC1CDC22467F9000E11FC0007EBFE9ED0737FEEBFFF600,
2026-07-14T14:16:04.245801+00:00,22.681195,valid,2714,108,2845835372,27019,41,hex,CAM,0202a9a0006c698b005a581155ce29efa761cc1cdc22467f9000e11fc0007ebfe9ed0737feebfff600,0202A9A0006C698B005A581155CE29EFA761CC1CDC22467F9000E11FC0007EBFE9ED0737FEEBFFF600,
2026-07-14T14:16:04.346770+00:00,22.782152,valid,2714,109,2845835373,27119,41,hex,CAM,0202a9a0006d69ef005a581155ce29efa761cc1cdc22467f9000e11fc0007ebfe9ed0737feebfff600,0202A9A0006D69EF005A581155CE29EFA761CC1CDC22467F9000E11FC0007EBFE9ED0737FEEBFFF600,
2026-07-14T14:16:04.448156+00:00,22.883539,valid,2714,110,2845835374,27219,41,hex,CAM,0202a9a0006e6a53005a581155ce29efa761cc1cdc22467f9000e11fc0007ebfe9ed0737feebfff600,0202A9A0006E6A53005A581155CE29EFA761CC1CDC22467F9000E11FC0007EBFE9ED0737FEEBFFF600,
2026-07-14T14:16:04.550054+00:00,22.985435,valid,2714,111,2845835375,27319,41,hex,CAM,0202a9a0006f6ab7005a581155ce29efa761cc1cdc22467f9000e11fc0007ebfe9ed0737feebfff600,0202A9A0006F6AB7005A581155CE29EFA761CC1CDC22467F9000E11FC0007EBFE9ED0737FEEBFFF600,
2026-07-14T14:16:04.642197+00:00,23.077577,valid,2714,112,2845835376,27419,41,hex,CAM,0202a9a000706b1b005a581155ce29efa761cc1cdc22467f9000e11fc0007ebfe9ed0737feebfff600,0202A9A000706B1B005A581155CE29EFA761CC1CDC22467F9000E11FC0007EBFE9ED0737FEEBFFF600,
2026-07-14T14:16:04.744165+00:00,23.179544,valid,2714,113,2845835377,27519,41,hex,CAM,0202a9a000716b7f005a581155ce29efa761cc1cdc22467f9000e11fc0007ebfe9ed0737feebfff600,0202A9A000716B7F005A581155CE29EFA761CC1CDC22467F9000E11FC0007EBFE9ED0737FEEBFFF600,
2026-07-14T14:16:04.846149+00:00,23.281530,valid,2714,114,2845835378,27619,41,hex,CAM,0202a9a000726be3005a581155ce29efa761cc1cdc22467f9000e11fc0007ebfe9ed0737feebfff600,0202A9A000726BE3005A581155CE29EFA761CC1CDC22467F9000E11FC0007EBFE9ED0737FEEBFFF600,
2026-07-14T14:16:04.948117+00:00,23.383496,valid,2714,115,2845835379,27719,41,hex,CAM,0202a9a000736c47005a581155ce29efa761cc1cdc22467f9000e11fc0007ebfe9ed0737feebfff600,0202A9A000736C47005A581155CE29EFA761CC1CDC22467F9000E11FC0007EBFE9ED0737FEEBFFF600,
2026-07-14T14:16:05.050175+00:00,23.485556,valid,2714,116,2845835380,27819,41,hex,CAM,0202a9a000746cab005a581155ce29efa761cc1cdc22467f9000e11fc0007ebfe9ed0737feebfff600,0202A9A000746CAB005A581155CE29EFA761CC1CDC22467F9000E11FC0007EBFE9ED0737FEEBFFF600,
2026-07-14T14:16:05.142059+00:00,23.577439,valid,2714,117,2845835381,27919,41,hex,CAM,0202a9a000756d0f005a581155ce29efa761cc1cdc22467f9000e11fc0007ebfe9ed0737feebfff600,0202A9A000756D0F005A581155CE29EFA761CC1CDC22467F9000E11FC0007EBFE9ED0737FEEBFFF600,
2026-07-14T14:16:05.244203+00:00,23.679583,valid,2714,118,2845835382,28019,41,hex,CAM,0202a9a000766d73005a581155ce29efa761cc1cdc22467f9000e11fc0007ebfe9ed0737feebfff600,0202A9A000766D73005A581155CE29EFA761CC1CDC22467F9000E11FC0007EBFE9ED0737FEEBFFF600,
2026-07-14T14:16:05.346159+00:00,23.781540,valid,2714,119,2845835383,28119,41,hex,CAM,0202a9a000776dd7005a581155ce29efa761cc1cdc22467f9000e11fc0007ebfe9ed0737feebfff600,0202A9A000776DD7005A581155CE29EFA761CC1CDC22467F9000E11FC0007EBFE9ED0737FEEBFFF600,
2026-07-14T14:16:05.448150+00:00,23.883529,valid,2714,120,2845835384,28219,41,hex,CAM,0202a9a000786e3b005a581155ce29efa761cc1cdc22467f9000e11fc0007ebfe9ed0737feebfff600,0202A9A000786E3B005A581155CE29EFA761CC1CDC22467F9000E11FC0007EBFE9ED0737FEEBFFF600,
2026-07-14T14:16:05.550097+00:00,23.985479,valid,2714,121,2845835385,28319,41,hex,CAM,0202a9a000796e9f005a581155ce29efa761cc1cdc22467f9000e11fc0007ebfe9ed0737feebfff600,0202A9A000796E9F005A581155CE29EFA761CC1CDC22467F9000E11FC0007EBFE9ED0737FEEBFFF600,
2026-07-14T14:16:05.642066+00:00,24.077447,valid,2714,122,2845835386,28419,41,hex,CAM,0202a9a0007a6f03005a581155ce29efa761cc1cdc22467f9000e11fc0007ebfe9ed0737feebfff600,0202A9A0007A6F03005A581155CE29EFA761CC1CDC22467F9000E11FC0007EBFE9ED0737FEEBFFF600,
2026-07-14T14:16:05.744076+00:00,24.179456,valid,2714,123,2845835387,28519,41,hex,CAM,0202a9a0007b6f67005a581155ce29efa761cc1cdc22467f9000e11fc0007ebfe9ed0737feebfff600,0202A9A0007B6F67005A581155CE29EFA761CC1CDC22467F9000E11FC0007EBFE9ED0737FEEBFFF600,
2026-07-14T14:16:05.846057+00:00,24.281437,valid,2714,124,2845835388,28619,41,hex,CAM,0202a9a0007c6fcb005a581155ce29efa761cc1cdc22467f9000e11fc0007ebfe9ed0737feebfff600,0202A9A0007C6FCB005A581155CE29EFA761CC1CDC22467F9000E11FC0007EBFE9ED0737FEEBFFF600,
2026-07-14T14:16:05.948160+00:00,24.383543,valid,2714,125,2845835389,28719,41,hex,CAM,0202a9a0007d702f005a581155ce29efa761cc1cdc22467f9000e11fc0007ebfe9ed0737feebfff600,0202A9A0007D702F005A581155CE29EFA761CC1CDC22467F9000E11FC0007EBFE9ED0737FEEBFFF600,
2026-07-14T14:16:06.050751+00:00,24.486116,valid,2714,126,2845835390,28819,41,hex,CAM,0202a9a0007e7093005a581155ce29efa761cc1cdc22467f9000e11fc0007ebfe9ed0737feebfff600,0202A9A0007E7093005A581155CE29EFA761CC1CDC22467F9000E11FC0007EBFE9ED0737FEEBFFF600,
2026-07-14T14:16:06.143804+00:00,24.579198,valid,2714,127,2845835391,28919,41,hex,CAM,0202a9a0007f70f7005a581155ce29efa761cc1cdc22467f9000e11fc0007ebfe9ed0737feebfff600,0202A9A0007F70F7005A581155CE29EFA761CC1CDC22467F9000E11FC0007EBFE9ED0737FEEBFFF600,
2026-07-14T14:16:06.244795+00:00,24.680177,valid,2714,128,2845835392,29019,41,hex,CAM,0202a9a00080715b005a581155ce29efa761cc1cdc22467f9000e11fc0007ebfe9ed0737feebfff600,0202A9A00080715B005A581155CE29EFA761CC1CDC22467F9000E11FC0007EBFE9ED0737FEEBFFF600,
2026-07-14T14:16:06.346154+00:00,24.781536,valid,2714,129,2845835393,29119,41,hex,CAM,0202a9a0008171bf005a581155ce29efa761cc1cdc22467f9000e11fc0007ebfe9ed0737feebfff600,0202A9A0008171BF005A581155CE29EFA761CC1CDC22467F9000E11FC0007EBFE9ED0737FEEBFFF600,
2026-07-14T14:16:06.448191+00:00,24.883571,valid,2714,130,2845835394,29219,41,hex,CAM,0202a9a000827223005a581155ce29efa761cc1cdc22467f9000e11fc0007ebfe9ed0737feebfff600,0202A9A000827223005A581155CE29EFA761CC1CDC22467F9000E11FC0007EBFE9ED0737FEEBFFF600,
2026-07-14T14:16:06.550170+00:00,24.985551,valid,2714,131,2845835395,29319,41,hex,CAM,0202a9a000837287005a581155ce29efa761cc1cdc22467f9000e11fc0007ebfe9ed0737feebfff600,0202A9A000837287005A581155CE29EFA761CC1CDC22467F9000E11FC0007EBFE9ED0737FEEBFFF600,
2026-07-14T14:16:06.642124+00:00,25.077505,valid,2714,132,2845835396,29419,41,hex,CAM,0202a9a0008472eb005a581155ce29efa761cc1cdc22467f9000e11fc0007ebfe9ed0737feebfff600,0202A9A0008472EB005A581155CE29EFA761CC1CDC22467F9000E11FC0007EBFE9ED0737FEEBFFF600,
2026-07-14T14:16:06.744125+00:00,25.179506,valid,2714,133,2845835397,29519,41,hex,CAM,0202a9a00085734f005a581155ce29efa761cc1cdc22467f9000e11fc0007ebfe9ed0737feebfff600,0202A9A00085734F005A581155CE29EFA761CC1CDC22467F9000E11FC0007EBFE9ED0737FEEBFFF600,
2026-07-14T14:16:06.846184+00:00,25.281565,valid,2714,134,2845835398,29619,41,hex,CAM,0202a9a0008673b3005a581155ce29efa761cc1cdc22467f9000e11fc0007ebfe9ed0737feebfff600,0202A9A0008673B3005A581155CE29EFA761CC1CDC22467F9000E11FC0007EBFE9ED0737FEEBFFF600,
2026-07-14T14:16:06.948070+00:00,25.383452,valid,2714,135,2845835399,29719,41,hex,CAM,0202a9a000877417005a581155ce29efa761cc1cdc22467f9000e11fc0007ebfe9ed0737feebfff600,0202A9A000877417005A581155CE29EFA761CC1CDC22467F9000E11FC0007EBFE9ED0737FEEBFFF600,
2026-07-14T14:16:07.050058+00:00,25.485439,valid,2714,136,2845835400,29819,41,hex,CAM,0202a9a00088747b005a581155ce29efa761cc1cdc22467f9000e11fc0007ebfe9ed0737feebfff600,0202A9A00088747B005A581155CE29EFA761CC1CDC22467F9000E11FC0007EBFE9ED0737FEEBFFF600,
2026-07-14T14:16:07.142046+00:00,25.577427,valid,2714,137,2845835401,29919,41,hex,CAM,0202a9a0008974df005a581155ce29efa761cc1cdc22467f9000e11fc0007ebfe9ed0737feebfff600,0202A9A0008974DF005A581155CE29EFA761CC1CDC22467F9000E11FC0007EBFE9ED0737FEEBFFF600,
2026-07-14T14:16:07.245904+00:00,25.681294,valid,2714,138,2845835402,30019,41,hex,CAM,0202a9a0008a7543005a581155ce29efa761cc1cdc22467f9000e11fc0007ebfe9ed0737feebfff600,0202A9A0008A7543005A581155CE29EFA761CC1CDC22467F9000E11FC0007EBFE9ED0737FEEBFFF600,
2026-07-14T14:16:07.346126+00:00,25.781507,valid,2714,139,2845835403,30119,41,hex,CAM,0202a9a0008b75a7005a581155ce29efa761cc1cdc22467f9000e11fc0007ebfe9ed0737feebfff600,0202A9A0008B75A7005A581155CE29EFA761CC1CDC22467F9000E11FC0007EBFE9ED0737FEEBFFF600,
2026-07-14T14:16:07.448104+00:00,25.883485,valid,2714,140,2845835404,30219,41,hex,CAM,0202a9a0008c760b005a581155ce29efa761cc1cdc22467f9000e11fc0007ebfe9ed0737feebfff600,0202A9A0008C760B005A581155CE29EFA761CC1CDC22467F9000E11FC0007EBFE9ED0737FEEBFFF600,
2026-07-14T14:16:07.550056+00:00,25.985437,valid,2714,141,2845835405,30319,41,hex,CAM,0202a9a0008d766f005a581155ce29efa761cc1cdc22467f9000e11fc0007ebfe9ed0737feebfff600,0202A9A0008D766F005A581155CE29EFA761CC1CDC22467F9000E11FC0007EBFE9ED0737FEEBFFF600,
2026-07-14T14:16:07.642055+00:00,26.077436,valid,2714,142,2845835406,30419,41,hex,CAM,0202a9a0008e76d3005a581155ce29efa761cc1cdc22467f9000e11fc0007ebfe9ed0737feebfff600,0202A9A0008E76D3005A581155CE29EFA761CC1CDC22467F9000E11FC0007EBFE9ED0737FEEBFFF600,
2026-07-14T14:16:07.745882+00:00,26.181274,valid,2714,143,2845835407,30519,41,hex,CAM,0202a9a0008f7737005a581155ce29efa761cc1cdc22467f9000e11fc0007ebfe9ed0737feebfff600,0202A9A0008F7737005A581155CE29EFA761CC1CDC22467F9000E11FC0007EBFE9ED0737FEEBFFF600,
2026-07-14T14:16:07.847505+00:00,26.282886,valid,2714,144,2845835408,30619,41,hex,CAM,0202a9a00090779b005a581155ce29efa761cc1cdc22467f9000e11fc0007ebfe9ed0737feebfff600,0202A9A00090779B005A581155CE29EFA761CC1CDC22467F9000E11FC0007EBFE9ED0737FEEBFFF600,
2026-07-14T14:16:07.947895+00:00,26.383271,valid,2714,145,2845835409,30719,41,hex,CAM,0202a9a0009177ff005a581155ce29efa761cc1cdc22467f9000e11fc0007ebfe9ed0737feebfff600,0202A9A0009177FF005A581155CE29EFA761CC1CDC22467F9000E11FC0007EBFE9ED0737FEEBFFF600,
2026-07-14T14:16:08.051777+00:00,26.487167,valid,2714,146,2845835410,30819,41,hex,CAM,0202a9a000927863005a581155ce29efa761cc1cdc22467f9000e11fc0007ebfe9ed0737feebfff600,0202A9A000927863005A581155CE29EFA761CC1CDC22467F9000E11FC0007EBFE9ED0737FEEBFFF600,
2026-07-14T14:16:08.141327+00:00,26.576692,valid,2714,147,2845835411,30919,41,hex,CAM,0202a9a0009378c7005a581155ce29efa761cc1cdc22467f9000e11fc0007ebfe9ed0737feebfff600,0202A9A0009378C7005A581155CE29EFA761CC1CDC22467F9000E11FC0007EBFE9ED0737FEEBFFF600,
2026-07-14T14:16:08.245746+00:00,26.681138,valid,2714,148,2845835412,31019,41,hex,CAM,0202a9a00094792b005a581155ce29efa761cc1cdc22467f9000e11fc0007ebfe9ed0737feebfff600,0202A9A00094792B005A581155CE29EFA761CC1CDC22467F9000E11FC0007EBFE9ED0737FEEBFFF600,
2026-07-14T14:16:08.347711+00:00,26.783103,valid,2714,149,2845835413,31119,41,hex,CAM,0202a9a00095798f005a581155ce29efa761cc1cdc22467f9000e11fc0007ebfe9ed0737feebfff600,0202A9A00095798F005A581155CE29EFA761CC1CDC22467F9000E11FC0007EBFE9ED0737FEEBFFF600,
2026-07-14T14:16:08.449725+00:00,26.885118,valid,2714,150,2845835414,31219,41,hex,CAM,0202a9a0009679f3005a581155ce29efa761cc1cdc22467f9000e11fc0007ebfe9ed0737feebfff600,0202A9A0009679F3005A581155CE29EFA761CC1CDC22467F9000E11FC0007EBFE9ED0737FEEBFFF600,
2026-07-14T14:16:08.550837+00:00,26.986217,valid,2714,151,2845835415,31319,41,hex,CAM,0202a9a000977a57005a581155ce29efa761cc1cdc22467f9000e11fc0007ebfe9ed0737feebfff600,0202A9A000977A57005A581155CE29EFA761CC1CDC22467F9000E11FC0007EBFE9ED0737FEEBFFF600,
2026-07-14T14:16:08.643753+00:00,27.079143,valid,2714,152,2845835416,31419,41,hex,CAM,0202a9a000987abb005a581155ce29efa761cc1cdc22467f9000e11fc0007ebfe9ed0737feebfff600,0202A9A000987ABB005A581155CE29EFA761CC1CDC22467F9000E11FC0007EBFE9ED0737FEEBFFF600,
2026-07-14T14:16:08.745857+00:00,27.181251,valid,2714,153,2845835417,31519,41,hex,CAM,0202a9a000997b1f005a581155ce29efa761cc1cdc22467f9000e11fc0007ebfe9ed0737feebfff600,0202A9A000997B1F005A581155CE29EFA761CC1CDC22467F9000E11FC0007EBFE9ED0737FEEBFFF600,
2026-07-14T14:16:08.847981+00:00,27.283375,valid,2714,154,2845835418,31619,41,hex,CAM,0202a9a0009a7b83005a581155ce29efa761cc1cdc22467f9000e11fc0007ebfe9ed0737feebfff600,0202A9A0009A7B83005A581155CE29EFA761CC1CDC22467F9000E11FC0007EBFE9ED0737FEEBFFF600,
2026-07-14T14:16:08.948193+00:00,27.383571,valid,2714,155,2845835419,31719,41,hex,CAM,0202a9a0009b7be7005a581155ce29efa761cc1cdc22467f9000e11fc0007ebfe9ed0737feebfff600,0202A9A0009B7BE7005A581155CE29EFA761CC1CDC22467F9000E11FC0007EBFE9ED0737FEEBFFF600,
2026-07-14T14:16:09.050159+00:00,27.485538,valid,2714,156,2845835420,31819,41,hex,CAM,0202a9a0009c7c4b005a581155ce29efa761cc1cdc22467f9000e11fc0007ebfe9ed0737feebfff600,0202A9A0009C7C4B005A581155CE29EFA761CC1CDC22467F9000E11FC0007EBFE9ED0737FEEBFFF600,
2026-07-14T14:16:09.142054+00:00,27.577436,valid,2714,157,2845835421,31919,41,hex,CAM,0202a9a0009d7caf005a581155ce29efa761cc1cdc22467f9000e11fc0007ebfe9ed0737feebfff600,0202A9A0009D7CAF005A581155CE29EFA761CC1CDC22467F9000E11FC0007EBFE9ED0737FEEBFFF600,
2026-07-14T14:16:09.244038+00:00,27.679420,valid,2714,158,2845835422,32019,41,hex,CAM,0202a9a0009e7d13005a581155ce29efa761cc1cdc22467f9000e11fc0007ebfe9ed0737feebfff600,0202A9A0009E7D13005A581155CE29EFA761CC1CDC22467F9000E11FC0007EBFE9ED0737FEEBFFF600,
2026-07-14T14:16:09.347783+00:00,27.783175,valid,2714,159,2845835423,32119,41,hex,CAM,0202a9a0009f7d77005a581155ce29efa761cc1cdc22467f9000e11fc0007ebfe9ed0737feebfff600,0202A9A0009F7D77005A581155CE29EFA761CC1CDC22467F9000E11FC0007EBFE9ED0737FEEBFFF600,
2026-07-14T14:16:09.449845+00:00,27.885239,valid,2714,160,2845835424,32219,41,hex,CAM,0202a9a000a07ddb005a581155ce29efa761cc1cdc22467f9000e11fc0007ebfe9ed0737feebfff600,0202A9A000A07DDB005A581155CE29EFA761CC1CDC22467F9000E11FC0007EBFE9ED0737FEEBFFF600,
2026-07-14T14:16:09.550784+00:00,27.986170,valid,2714,161,2845835425,32319,41,hex,CAM,0202a9a000a17e3f005a581155ce29efa761cc1cdc22467f9000e11fc0007ebfe9ed0737feebfff600,0202A9A000A17E3F005A581155CE29EFA761CC1CDC22467F9000E11FC0007EBFE9ED0737FEEBFFF600,
2026-07-14T14:16:09.642377+00:00,28.077759,valid,2714,162,2845835426,32419,41,hex,CAM,0202a9a000a27ea3005a581155ce29efa761cc1cdc22467f9000e11fc0007ebfe9ed0737feebfff600,0202A9A000A27EA3005A581155CE29EFA761CC1CDC22467F9000E11FC0007EBFE9ED0737FEEBFFF600,
2026-07-14T14:16:09.745803+00:00,28.181196,valid,2714,163,2845835427,32519,41,hex,CAM,0202a9a000a37f07005a581155ce29efa761cc1cdc22467f9000e11fc0007ebfe9ed0737feebfff600,0202A9A000A37F07005A581155CE29EFA761CC1CDC22467F9000E11FC0007EBFE9ED0737FEEBFFF600,
2026-07-14T14:16:09.847675+00:00,28.283068,valid,2714,164,2845835428,32619,41,hex,CAM,0202a9a000a47f6b005a581155ce29efa761cc1cdc22467f9000e11fc0007ebfe9ed0737feebfff600,0202A9A000A47F6B005A581155CE29EFA761CC1CDC22467F9000E11FC0007EBFE9ED0737FEEBFFF600,
2026-07-14T14:16:09.949577+00:00,28.384967,valid,2714,165,2845835429,32719,41,hex,CAM,0202a9a000a57fcf005a581155ce29efa761cc1cdc22467f9000e11fc0007ebfe9ed0737feebfff600,0202A9A000A57FCF005A581155CE29EFA761CC1CDC22467F9000E11FC0007EBFE9ED0737FEEBFFF600,
2026-07-14T14:16:10.049732+00:00,28.485101,valid,2714,166,2845835430,32819,41,hex,CAM,0202a9a000a68033005a581155ce29efa761cc1cdc22467f9000e11fc0007ebfe9ed0737feebfff600,0202A9A000A68033005A581155CE29EFA761CC1CDC22467F9000E11FC0007EBFE9ED0737FEEBFFF600,
2026-07-14T14:16:10.143698+00:00,28.579092,valid,2714,167,2845835431,32919,41,hex,CAM,0202a9a000a78097005a581155ce29efa761cc1cdc22467f9000e11fc0007ebfe9ed0737feebfff600,0202A9A000A78097005A581155CE29EFA761CC1CDC22467F9000E11FC0007EBFE9ED0737FEEBFFF600,
2026-07-14T14:16:10.245702+00:00,28.681096,valid,2714,168,2845835432,33019,41,hex,CAM,0202a9a000a880fb005a581155ce29efa761cc1cdc22467f9000e11fc0007ebfe9ed0737feebfff600,0202A9A000A880FB005A581155CE29EFA761CC1CDC22467F9000E11FC0007EBFE9ED0737FEEBFFF600,
2026-07-14T14:16:10.347668+00:00,28.783061,valid,2714,169,2845835433,33119,41,hex,CAM,0202a9a000a9815f005a581155ce29efa761cc1cdc22467f9000e11fc0007ebfe9ed0737feebfff600,0202A9A000A9815F005A581155CE29EFA761CC1CDC22467F9000E11FC0007EBFE9ED0737FEEBFFF600,
2026-07-14T14:16:10.449736+00:00,28.885128,valid,2714,170,2845835434,33219,41,hex,CAM,0202a9a000aa81c3005a581155ce29efa761cc1cdc22467f9000e11fc0007ebfe9ed0737feebfff600,0202A9A000AA81C3005A581155CE29EFA761CC1CDC22467F9000E11FC0007EBFE9ED0737FEEBFFF600,
2026-07-14T14:16:10.550701+00:00,28.986081,valid,2714,171,2845835435,33319,41,hex,CAM,0202a9a000ab8227005a581155ce29efa761cc1cdc22467f9000e11fc0007ebfe9ed0737feebfff600,0202A9A000AB8227005A581155CE29EFA761CC1CDC22467F9000E11FC0007EBFE9ED0737FEEBFFF600,
2026-07-14T14:16:10.642091+00:00,29.077473,valid,2714,172,2845835436,33419,41,hex,CAM,0202a9a000ac828b005a581155ce29efa761cc1cdc22467f9000e11fc0007ebfe9ed0737feebfff600,0202A9A000AC828B005A581155CE29EFA761CC1CDC22467F9000E11FC0007EBFE9ED0737FEEBFFF600,
2026-07-14T14:16:10.744046+00:00,29.179427,valid,2714,173,2845835437,33519,41,hex,CAM,0202a9a000ad82ef005a581155ce29efa761cc1cdc22467f9000e11fc0007ebfe9ed0737feebfff600,0202A9A000AD82EF005A581155CE29EFA761CC1CDC22467F9000E11FC0007EBFE9ED0737FEEBFFF600,
2026-07-14T14:16:10.845862+00:00,29.281238,valid,2714,174,2845835438,33619,41,hex,CAM,0202a9a000ae8353005a581155ce29efa761cc1cdc22467f9000e11fc0007ebfe9ed0737feebfff600,0202A9A000AE8353005A581155CE29EFA761CC1CDC22467F9000E11FC0007EBFE9ED0737FEEBFFF600,
2026-07-14T14:16:10.948060+00:00,29.383441,valid,2714,175,2845835439,33719,41,hex,CAM,0202a9a000af83b7005a581155ce29efa761cc1cdc22467f9000e11fc0007ebfe9ed0737feebfff600,0202A9A000AF83B7005A581155CE29EFA761CC1CDC22467F9000E11FC0007EBFE9ED0737FEEBFFF600,
2026-07-14T14:16:11.050126+00:00,29.485508,valid,2714,176,2845835440,33819,41,hex,CAM,0202a9a000b0841b005a581155ce29efa761cc1cdc22467f9000e11fc0007ebfe9ed0737feebfff600,0202A9A000B0841B005A581155CE29EFA761CC1CDC22467F9000E11FC0007EBFE9ED0737FEEBFFF600,
2026-07-14T14:16:11.142117+00:00,29.577496,valid,2714,177,2845835441,33919,41,hex,CAM,0202a9a000b1847f005a581155ce29efa761cc1cdc22467f9000e11fc0007ebfe9ed0737feebfff600,0202A9A000B1847F005A581155CE29EFA761CC1CDC22467F9000E11FC0007EBFE9ED0737FEEBFFF600,
2026-07-14T14:16:11.244052+00:00,29.679433,valid,2714,178,2845835442,34019,41,hex,CAM,0202a9a000b284e3005a581155ce29efa761cc1cdc22467f9000e11fc0007ebfe9ed0737feebfff600,0202A9A000B284E3005A581155CE29EFA761CC1CDC22467F9000E11FC0007EBFE9ED0737FEEBFFF600,
2026-07-14T14:16:11.346086+00:00,29.781467,valid,2714,179,2845835443,34119,41,hex,CAM,0202a9a000b38547005a581155ce29efa761cc1cdc22467f9000e11fc0007ebfe9ed0737feebfff600,0202A9A000B38547005A581155CE29EFA761CC1CDC22467F9000E11FC0007EBFE9ED0737FEEBFFF600,
2026-07-14T14:16:11.448091+00:00,29.883473,valid,2714,180,2845835444,34219,41,hex,CAM,0202a9a000b485ab005a581155ce29efa761cc1cdc22467f9000e11fc0007ebfe9ed0737feebfff600,0202A9A000B485AB005A581155CE29EFA761CC1CDC22467F9000E11FC0007EBFE9ED0737FEEBFFF600,
2026-07-14T14:16:11.549572+00:00,29.984942,valid,2714,181,2845835445,34319,41,hex,CAM,0202a9a000b5860f005a581155ce29efa761cc1cdc22467f9000e11fc0007ebfe9ed0737feebfff600,0202A9A000B5860F005A581155CE29EFA761CC1CDC22467F9000E11FC0007EBFE9ED0737FEEBFFF600,
2026-07-14T14:16:11.642063+00:00,30.077447,valid,2714,182,2845835446,34419,41,hex,CAM,0202a9a000b68673005a581155ce29efa761cc1cdc22467f9000e11fc0007ebfe9ed0737feebfff600,0202A9A000B68673005A581155CE29EFA761CC1CDC22467F9000E11FC0007EBFE9ED0737FEEBFFF600,
2026-07-14T14:16:11.744073+00:00,30.179453,valid,2714,183,2845835447,34519,41,hex,CAM,0202a9a000b786d7005a581155ce29efa761cc1cdc22467f9000e11fc0007ebfe9ed0737feebfff600,0202A9A000B786D7005A581155CE29EFA761CC1CDC22467F9000E11FC0007EBFE9ED0737FEEBFFF600,
2026-07-14T14:16:11.845439+00:00,30.280807,valid,2714,184,2845835448,34619,41,hex,CAM,0202a9a000b8873b005a581155ce29efa761cc1cdc22467f9000e11fc0007ebfe9ed0737feebfff600,0202A9A000B8873B005A581155CE29EFA761CC1CDC22467F9000E11FC0007EBFE9ED0737FEEBFFF600,
2026-07-14T14:16:11.949753+00:00,30.385146,valid,2714,185,2845835449,34719,41,hex,CAM,0202a9a000b9879f005a581155ce29efa761cc1cdc22467f9000e11fc0007ebfe9ed0737feebfff600,0202A9A000B9879F005A581155CE29EFA761CC1CDC22467F9000E11FC0007EBFE9ED0737FEEBFFF600,
2026-07-14T14:16:12.051601+00:00,30.487014,valid,2714,186,2845835450,34819,41,hex,CAM,0202a9a000ba8803005a581155ce29efa761cc1cdc22467f9000e11fc0007ebfe9ed0737feebfff600,0202A9A000BA8803005A581155CE29EFA761CC1CDC22467F9000E11FC0007EBFE9ED0737FEEBFFF600,
2026-07-14T14:16:12.143801+00:00,30.579204,valid,2714,187,2845835451,34919,41,hex,CAM,0202a9a000bb8867005a581155ce29efa761cc1cdc22467f9000e11fc0007ebfe9ed0737feebfff600,0202A9A000BB8867005A581155CE29EFA761CC1CDC22467F9000E11FC0007EBFE9ED0737FEEBFFF600,
2026-07-14T14:16:12.245747+00:00,30.681138,valid,2714,188,2845835452,35019,41,hex,CAM,0202a9a000bc88cb005a581155ce29efa761cc1cdc22467f9000e11fc0007ebfe9ed0737feebfff600,0202A9A000BC88CB005A581155CE29EFA761CC1CDC22467F9000E11FC0007EBFE9ED0737FEEBFFF600,
2026-07-14T14:16:12.347753+00:00,30.783145,valid,2714,189,2845835453,35119,41,hex,CAM,0202a9a000bd892f005a581155ce29efa761cc1cdc22467f9000e11fc0007ebfe9ed0737feebfff600,0202A9A000BD892F005A581155CE29EFA761CC1CDC22467F9000E11FC0007EBFE9ED0737FEEBFFF600,
2026-07-14T14:16:12.449671+00:00,30.885063,valid,2714,190,2845835454,35219,41,hex,CAM,0202a9a000be8993005a581155ce29efa761cc1cdc22467f9000e11fc0007ebfe9ed0737feebfff600,0202A9A000BE8993005A581155CE29EFA761CC1CDC22467F9000E11FC0007EBFE9ED0737FEEBFFF600,
2026-07-14T14:16:12.551602+00:00,30.987009,valid,2714,191,2845835455,35319,41,hex,CAM,0202a9a000bf89f7005a581155ce29efa761cc1cdc22467f9000e11fc0007ebfe9ed0737feebfff600,0202A9A000BF89F7005A581155CE29EFA761CC1CDC22467F9000E11FC0007EBFE9ED0737FEEBFFF600,
2026-07-14T14:16:12.642152+00:00,31.077533,valid,2714,192,2845835456,35419,41,hex,CAM,0202a9a000c08a5b005a581155ce29efa761cc1cdc22467f9000e11fc0007ebfe9ed0737feebfff600,0202A9A000C08A5B005A581155CE29EFA761CC1CDC22467F9000E11FC0007EBFE9ED0737FEEBFFF600,
2026-07-14T14:16:12.744068+00:00,31.179448,valid,2714,193,2845835457,35519,41,hex,CAM,0202a9a000c18abf005a581155ce29efa761cc1cdc22467f9000e11fc0007ebfe9ed0737feebfff600,0202A9A000C18ABF005A581155CE29EFA761CC1CDC22467F9000E11FC0007EBFE9ED0737FEEBFFF600,
2026-07-14T14:16:12.846056+00:00,31.281436,valid,2714,194,2845835458,35619,41,hex,CAM,0202a9a000c28b23005a581155ce29efa761cc1cdc22467f9000e11fc0007ebfe9ed0737feebfff600,0202A9A000C28B23005A581155CE29EFA761CC1CDC22467F9000E11FC0007EBFE9ED0737FEEBFFF600,
2026-07-14T14:16:12.948092+00:00,31.383479,valid,2714,195,2845835459,35719,41,hex,CAM,0202a9a000c38b87005a581155ce29efa761cc1cdc22467f9000e11fc0007ebfe9ed0737feebfff600,0202A9A000C38B87005A581155CE29EFA761CC1CDC22467F9000E11FC0007EBFE9ED0737FEEBFFF600,
2026-07-14T14:16:13.050053+00:00,31.485432,valid,2714,196,2845835460,35819,41,hex,CAM,0202a9a000c48beb005a581155ce29efa761cc1cdc22467f9000e11fc0007ebfe9ed0737feebfff600,0202A9A000C48BEB005A581155CE29EFA761CC1CDC22467F9000E11FC0007EBFE9ED0737FEEBFFF600,
2026-07-14T14:16:13.142280+00:00,31.577660,valid,2714,197,2845835461,35919,41,hex,CAM,0202a9a000c58c4f005a581155ce29efa761cc1cdc22467f9000e11fc0007ebfe9ed0737feebfff600,0202A9A000C58C4F005A581155CE29EFA761CC1CDC22467F9000E11FC0007EBFE9ED0737FEEBFFF600,
2026-07-14T14:16:13.244759+00:00,31.680138,valid,2714,198,2845835462,36019,41,hex,CAM,0202a9a000c68cb3005a581155ce29efa761cc1cdc22467f9000e11fc0007ebfe9ed0737feebfff600,0202A9A000C68CB3005A581155CE29EFA761CC1CDC22467F9000E11FC0007EBFE9ED0737FEEBFFF600,
2026-07-14T14:16:13.346093+00:00,31.781472,valid,2714,199,2845835463,36119,41,hex,CAM,0202a9a000c78d17005a581155ce29efa761cc1cdc22467f9000e11fc0007ebfe9ed0737feebfff600,0202A9A000C78D17005A581155CE29EFA761CC1CDC22467F9000E11FC0007EBFE9ED0737FEEBFFF600,
2026-07-14T14:16:13.448194+00:00,31.883580,valid,2714,200,2845835464,36219,41,hex,CAM,0202a9a000c88d7b005a581155ce29efa761cc1cdc22467f9000e11fc0007ebfe9ed0737feebfff600,0202A9A000C88D7B005A581155CE29EFA761CC1CDC22467F9000E11FC0007EBFE9ED0737FEEBFFF600,
2026-07-14T14:16:13.550194+00:00,31.985574,valid,2714,201,2845835465,36319,41,hex,CAM,0202a9a000c98ddf005a581155ce29efa761cc1cdc22467f9000e11fc0007ebfe9ed0737feebfff600,0202A9A000C98DDF005A581155CE29EFA761CC1CDC22467F9000E11FC0007EBFE9ED0737FEEBFFF600,
2026-07-14T14:16:13.642184+00:00,32.077564,valid,2714,202,2845835466,36419,41,hex,CAM,0202a9a000ca8e43005a581155ce29efa761cc1cdc22467f9000e11fc0007ebfe9ed0737feebfff600,0202A9A000CA8E43005A581155CE29EFA761CC1CDC22467F9000E11FC0007EBFE9ED0737FEEBFFF600,
2026-07-14T14:16:13.744203+00:00,32.179583,valid,2714,203,2845835467,36519,41,hex,CAM,0202a9a000cb8ea7005a581155ce29efa761cc1cdc22467f9000e11fc0007ebfe9ed0737feebfff600,0202A9A000CB8EA7005A581155CE29EFA761CC1CDC22467F9000E11FC0007EBFE9ED0737FEEBFFF600,
2026-07-14T14:16:13.846163+00:00,32.281543,valid,2714,204,2845835468,36619,41,hex,CAM,0202a9a000cc8f0b005a581155ce29efa761cc1cdc22467f9000e11fc0007ebfe9ed0737feebfff600,0202A9A000CC8F0B005A581155CE29EFA761CC1CDC22467F9000E11FC0007EBFE9ED0737FEEBFFF600,
2026-07-14T14:16:13.948091+00:00,32.383466,valid,2714,205,2845835469,36719,41,hex,CAM,0202a9a000cd8f6f005a581155ce29efa761cc1cdc22467f9000e11fc0007ebfe9ed0737feebfff600,0202A9A000CD8F6F005A581155CE29EFA761CC1CDC22467F9000E11FC0007EBFE9ED0737FEEBFFF600,
2026-07-14T14:16:14.050152+00:00,32.485532,valid,2714,206,2845835470,36819,41,hex,CAM,0202a9a000ce8fd3005a581155ce29efa761cc1cdc22467f9000e11fc0007ebfe9ed0737feebfff600,0202A9A000CE8FD3005A581155CE29EFA761CC1CDC22467F9000E11FC0007EBFE9ED0737FEEBFFF600,
2026-07-14T14:16:14.142313+00:00,32.577695,valid,2714,207,2845835471,36919,41,hex,CAM,0202a9a000cf9037005a581155ce29efa761cc1cdc22467f9000e11fc0007ebfe9ed0737feebfff600,0202A9A000CF9037005A581155CE29EFA761CC1CDC22467F9000E11FC0007EBFE9ED0737FEEBFFF600,
2026-07-14T14:16:14.244081+00:00,32.679461,valid,2714,208,2845835472,37019,41,hex,CAM,0202a9a000d0909b005a581155ce29efa761cc1cdc22467f9000e11fc0007ebfe9ed0737feebfff600,0202A9A000D0909B005A581155CE29EFA761CC1CDC22467F9000E11FC0007EBFE9ED0737FEEBFFF600,
2026-07-14T14:16:14.345536+00:00,32.780906,valid,2714,209,2845835473,37119,41,hex,CAM,0202a9a000d190ff005a581155ce29efa761cc1cdc22467f9000e11fc0007ebfe9ed0737feebfff600,0202A9A000D190FF005A581155CE29EFA761CC1CDC22467F9000E11FC0007EBFE9ED0737FEEBFFF600,
2026-07-14T14:16:14.448014+00:00,32.883391,valid,2714,210,2845835474,37219,41,hex,CAM,0202a9a000d29163005a581155ce29efa761cc1cdc22467f9000e11fc0007ebfe9ed0737feebfff600,0202A9A000D29163005A581155CE29EFA761CC1CDC22467F9000E11FC0007EBFE9ED0737FEEBFFF600,
2026-07-14T14:16:14.550264+00:00,32.985638,valid,2714,211,2845835475,37319,41,hex,CAM,0202a9a000d391c7005a581155ce29efa761cc1cdc22467f9000e11fc0007ebfe9ed0737feebfff600,0202A9A000D391C7005A581155CE29EFA761CC1CDC22467F9000E11FC0007EBFE9ED0737FEEBFFF600,
2026-07-14T14:16:14.643916+00:00,33.079313,valid,2714,212,2845835476,37419,41,hex,CAM,0202a9a000d4922b005a581155ce29efa761cc1cdc22467f9000e11fc0007ebfe9ed0737feebfff600,0202A9A000D4922B005A581155CE29EFA761CC1CDC22467F9000E11FC0007EBFE9ED0737FEEBFFF600,
2026-07-14T14:16:14.745862+00:00,33.181256,valid,2714,213,2845835477,37519,41,hex,CAM,0202a9a000d5928f005a581155ce29efa761cc1cdc22467f9000e11fc0007ebfe9ed0737feebfff600,0202A9A000D5928F005A581155CE29EFA761CC1CDC22467F9000E11FC0007EBFE9ED0737FEEBFFF600,
2026-07-14T14:16:14.846464+00:00,33.281845,valid,2714,214,2845835478,37619,41,hex,CAM,0202a9a000d692f3005a581155ce29efa761cc1cdc22467f9000e11fc0007ebfe9ed0737feebfff600,0202A9A000D692F3005A581155CE29EFA761CC1CDC22467F9000E11FC0007EBFE9ED0737FEEBFFF600,
2026-07-14T14:16:14.948084+00:00,33.383464,valid,2714,215,2845835479,37719,41,hex,CAM,0202a9a000d79357005a581155ce29efa761cc1cdc22467f9000e11fc0007ebfe9ed0737feebfff600,0202A9A000D79357005A581155CE29EFA761CC1CDC22467F9000E11FC0007EBFE9ED0737FEEBFFF600,
2026-07-14T14:16:15.050163+00:00,33.485543,valid,2714,216,2845835480,37819,41,hex,CAM,0202a9a000d893bb005a581155ce29efa761cc1cdc22467f9000e11fc0007ebfe9ed0737feebfff600,0202A9A000D893BB005A581155CE29EFA761CC1CDC22467F9000E11FC0007EBFE9ED0737FEEBFFF600,
2026-07-14T14:16:15.142179+00:00,33.577558,valid,2714,217,2845835481,37919,41,hex,CAM,0202a9a000d9941f005a581155ce29efa761cc1cdc22467f9000e11fc0007ebfe9ed0737feebfff600,0202A9A000D9941F005A581155CE29EFA761CC1CDC22467F9000E11FC0007EBFE9ED0737FEEBFFF600,
2026-07-14T14:16:15.244124+00:00,33.679504,valid,2714,218,2845835482,38019,41,hex,CAM,0202a9a000da9483005a581155ce29efa761cc1cdc22467f9000e11fc0007ebfe9ed0737feebfff600,0202A9A000DA9483005A581155CE29EFA761CC1CDC22467F9000E11FC0007EBFE9ED0737FEEBFFF600,
2026-07-14T14:16:15.346172+00:00,33.781553,valid,2714,219,2845835483,38119,41,hex,CAM,0202a9a000db94e7005a581155ce29efa761cc1cdc22467f9000e11fc0007ebfe9ed0737feebfff600,0202A9A000DB94E7005A581155CE29EFA761CC1CDC22467F9000E11FC0007EBFE9ED0737FEEBFFF600,
2026-07-14T14:16:15.448187+00:00,33.883568,valid,2714,220,2845835484,38219,41,hex,CAM,0202a9a000dc954b005a581155ce29efa761cc1cdc22467f9000e11fc0007ebfe9ed0737feebfff600,0202A9A000DC954B005A581155CE29EFA761CC1CDC22467F9000E11FC0007EBFE9ED0737FEEBFFF600,
2026-07-14T14:16:15.550038+00:00,33.985418,valid,2714,221,2845835485,38319,41,hex,CAM,0202a9a000dd95af005a581155ce29efa761cc1cdc22467f9000e11fc0007ebfe9ed0737feebfff600,0202A9A000DD95AF005A581155CE29EFA761CC1CDC22467F9000E11FC0007EBFE9ED0737FEEBFFF600,
2026-07-14T14:16:15.642199+00:00,34.077583,valid,2714,222,2845835486,38419,41,hex,CAM,0202a9a000de9613005a581155ce29efa761cc1cdc22467f9000e11fc0007ebfe9ed0737feebfff600,0202A9A000DE9613005A581155CE29EFA761CC1CDC22467F9000E11FC0007EBFE9ED0737FEEBFFF600,
2026-07-14T14:16:15.744217+00:00,34.179596,valid,2714,223,2845835487,38519,41,hex,CAM,0202a9a000df9677005a581155ce29efa761cc1cdc22467f9000e11fc0007ebfe9ed0737feebfff600,0202A9A000DF9677005A581155CE29EFA761CC1CDC22467F9000E11FC0007EBFE9ED0737FEEBFFF600,
2026-07-14T14:16:15.845025+00:00,34.280387,valid,2714,224,2845835488,38619,41,hex,CAM,0202a9a000e096db005a581155ce29efa761cc1cdc22467f9000e11fc0007ebfe9ed0737feebfff600,0202A9A000E096DB005A581155CE29EFA761CC1CDC22467F9000E11FC0007EBFE9ED0737FEEBFFF600,
2026-07-14T14:16:15.948166+00:00,34.383546,valid,2714,225,2845835489,38719,41,hex,CAM,0202a9a000e1973f005a581155ce29efa761cc1cdc22467f9000e11fc0007ebfe9ed0737feebfff600,0202A9A000E1973F005A581155CE29EFA761CC1CDC22467F9000E11FC0007EBFE9ED0737FEEBFFF600,
2026-07-14T14:16:16.051676+00:00,34.487068,valid,2714,226,2845835490,38819,41,hex,CAM,0202a9a000e297a3005a581155ce29efa761cc1cdc22467f9000e11fc0007ebfe9ed0737feebfff600,0202A9A000E297A3005A581155CE29EFA761CC1CDC22467F9000E11FC0007EBFE9ED0737FEEBFFF600,
2026-07-14T14:16:16.143765+00:00,34.579156,valid,2714,227,2845835491,38919,41,hex,CAM,0202a9a000e39807005a581155ce29efa761cc1cdc22467f9000e11fc0007ebfe9ed0737feebfff600,0202A9A000E39807005A581155CE29EFA761CC1CDC22467F9000E11FC0007EBFE9ED0737FEEBFFF600,
2026-07-14T14:16:16.244789+00:00,34.680171,valid,2714,228,2845835492,39019,41,hex,CAM,0202a9a000e4986b005a581155ce29efa761cc1cdc22467f9000e11fc0007ebfe9ed0737feebfff600,0202A9A000E4986B005A581155CE29EFA761CC1CDC22467F9000E11FC0007EBFE9ED0737FEEBFFF600,
2026-07-14T14:16:16.347473+00:00,34.782851,valid,2714,229,2845835493,39119,41,hex,CAM,0202a9a000e598cf005a581155ce29efa761cc1cdc22467f9000e11fc0007ebfe9ed0737feebfff600,0202A9A000E598CF005A581155CE29EFA761CC1CDC22467F9000E11FC0007EBFE9ED0737FEEBFFF600,
2026-07-14T14:16:16.448572+00:00,34.883949,valid,2714,230,2845835494,39219,41,hex,CAM,0202a9a000e69933005a581155ce29efa761cc1cdc22467f9000e11fc0007ebfe9ed0737feebfff600,0202A9A000E69933005A581155CE29EFA761CC1CDC22467F9000E11FC0007EBFE9ED0737FEEBFFF600,
2026-07-14T14:16:16.551625+00:00,34.987043,valid,2714,231,2845835495,39319,41,hex,CAM,0202a9a000e79997005a581155ce29efa761cc1cdc22467f9000e11fc0007ebfe9ed0737feebfff600,0202A9A000E79997005A581155CE29EFA761CC1CDC22467F9000E11FC0007EBFE9ED0737FEEBFFF600,
2026-07-14T14:16:16.644032+00:00,35.079427,valid,2714,232,2845835496,39419,41,hex,CAM,0202a9a000e899fb005a581155ce29efa761cc1cdc22467f9000e11fc0007ebfe9ed0737feebfff600,0202A9A000E899FB005A581155CE29EFA761CC1CDC22467F9000E11FC0007EBFE9ED0737FEEBFFF600,
2026-07-14T14:16:16.745919+00:00,35.181315,valid,2714,233,2845835497,39519,41,hex,CAM,0202a9a000e99a5f005a581155ce29efa761cc1cdc22467f9000e11fc0007ebfe9ed0737feebfff600,0202A9A000E99A5F005A581155CE29EFA761CC1CDC22467F9000E11FC0007EBFE9ED0737FEEBFFF600,
2026-07-14T14:16:16.847624+00:00,35.283030,valid,2714,234,2845835498,39619,41,hex,CAM,0202a9a000ea9ac3005a581155ce29efa761cc1cdc22467f9000e11fc0007ebfe9ed0737feebfff600,0202A9A000EA9AC3005A581155CE29EFA761CC1CDC22467F9000E11FC0007EBFE9ED0737FEEBFFF600,
2026-07-14T14:16:16.948817+00:00,35.384198,valid,2714,235,2845835499,39719,41,hex,CAM,0202a9a000eb9b27005a581155ce29efa761cc1cdc22467f9000e11fc0007ebfe9ed0737feebfff600,0202A9A000EB9B27005A581155CE29EFA761CC1CDC22467F9000E11FC0007EBFE9ED0737FEEBFFF600,
2026-07-14T14:16:17.050818+00:00,35.486200,valid,2714,236,2845835500,39819,41,hex,CAM,0202a9a000ec9b8b005a581155ce29efa761cc1cdc22467f9000e11fc0007ebfe9ed0737feebfff600,0202A9A000EC9B8B005A581155CE29EFA761CC1CDC22467F9000E11FC0007EBFE9ED0737FEEBFFF600,
2026-07-14T14:16:17.142277+00:00,35.577657,valid,2714,237,2845835501,39919,41,hex,CAM,0202a9a000ed9bef005a581155ce29efa761cc1cdc22467f9000e11fc0007ebfe9ed0737feebfff600,0202A9A000ED9BEF005A581155CE29EFA761CC1CDC22467F9000E11FC0007EBFE9ED0737FEEBFFF600,
2026-07-14T14:16:17.244025+00:00,35.679404,valid,2714,238,2845835502,40019,41,hex,CAM,0202a9a000ee9c53005a581155ce29efa761cc1cdc22467f9000e11fc0007ebfe9ed0737feebfff600,0202A9A000EE9C53005A581155CE29EFA761CC1CDC22467F9000E11FC0007EBFE9ED0737FEEBFFF600,
2026-07-14T14:16:17.346328+00:00,35.781704,valid,2714,239,2845835503,40119,41,hex,CAM,0202a9a000ef9cb7005a581155ce29efa761cc1cdc22467f9000e11fc0007ebfe9ed0737feebfff600,0202A9A000EF9CB7005A581155CE29EFA761CC1CDC22467F9000E11FC0007EBFE9ED0737FEEBFFF600,
2026-07-14T14:16:17.449688+00:00,35.885082,valid,2714,240,2845835504,40219,41,hex,CAM,0202a9a000f09d1b005a581155ce29efa761cc1cdc22467f9000e11fc0007ebfe9ed0737feebfff600,0202A9A000F09D1B005A581155CE29EFA761CC1CDC22467F9000E11FC0007EBFE9ED0737FEEBFFF600,
2026-07-14T14:16:17.551712+00:00,35.987103,valid,2714,241,2845835505,40319,41,hex,CAM,0202a9a000f19d7f005a581155ce29efa761cc1cdc22467f9000e11fc0007ebfe9ed0737feebfff600,0202A9A000F19D7F005A581155CE29EFA761CC1CDC22467F9000E11FC0007EBFE9ED0737FEEBFFF600,
2026-07-14T14:16:17.643608+00:00,36.079018,valid,2714,242,2845835506,40419,41,hex,CAM,0202a9a000f29de3005a581155ce29efa761cc1cdc22467f9000e11fc0007ebfe9ed0737feebfff600,0202A9A000F29DE3005A581155CE29EFA761CC1CDC22467F9000E11FC0007EBFE9ED0737FEEBFFF600,
2026-07-14T14:16:17.745758+00:00,36.181152,valid,2714,243,2845835507,40519,41,hex,CAM,0202a9a000f39e47005a581155ce29efa761cc1cdc22467f9000e11fc0007ebfe9ed0737feebfff600,0202A9A000F39E47005A581155CE29EFA761CC1CDC22467F9000E11FC0007EBFE9ED0737FEEBFFF600,
2026-07-14T14:16:17.847623+00:00,36.283028,valid,2714,244,2845835508,40619,41,hex,CAM,0202a9a000f49eab005a581155ce29efa761cc1cdc22467f9000e11fc0007ebfe9ed0737feebfff600,0202A9A000F49EAB005A581155CE29EFA761CC1CDC22467F9000E11FC0007EBFE9ED0737FEEBFFF600,
2026-07-14T14:16:17.949758+00:00,36.385152,valid,2714,245,2845835509,40719,41,hex,CAM,0202a9a000f59f0f005a581155ce29efa761cc1cdc22467f9000e11fc0007ebfe9ed0737feebfff600,0202A9A000F59F0F005A581155CE29EFA761CC1CDC22467F9000E11FC0007EBFE9ED0737FEEBFFF600,
2026-07-14T14:16:18.051913+00:00,36.487318,valid,2714,246,2845835510,40819,41,hex,CAM,0202a9a000f69f73005a581155ce29efa761cc1cdc22467f9000e11fc0007ebfe9ed0737feebfff600,0202A9A000F69F73005A581155CE29EFA761CC1CDC22467F9000E11FC0007EBFE9ED0737FEEBFFF600,
2026-07-14T14:16:18.143680+00:00,36.579071,valid,2714,247,2845835511,40919,41,hex,CAM,0202a9a000f79fd7005a581155ce29efa761cc1cdc22467f9000e11fc0007ebfe9ed0737feebfff600,0202A9A000F79FD7005A581155CE29EFA761CC1CDC22467F9000E11FC0007EBFE9ED0737FEEBFFF600,
2026-07-14T14:16:18.245831+00:00,36.681224,valid,2714,248,2845835512,41019,41,hex,CAM,0202a9a000f8a03b005a581155ce29efa761cc1cdc22467f9000e11fc0007ebfe9ed0737feebfff600,0202A9A000F8A03B005A581155CE29EFA761CC1CDC22467F9000E11FC0007EBFE9ED0737FEEBFFF600,
2026-07-14T14:16:18.346882+00:00,36.782269,valid,2714,249,2845835513,41119,41,hex,CAM,0202a9a000f9a09f005a581155ce29efa761cc1cdc22467f9000e11fc0007ebfe9ed0737feebfff600,0202A9A000F9A09F005A581155CE29EFA761CC1CDC22467F9000E11FC0007EBFE9ED0737FEEBFFF600,
2026-07-14T14:16:18.448145+00:00,36.883527,valid,2714,250,2845835514,41219,41,hex,CAM,0202a9a000faa103005a581155ce29efa761cc1cdc22467f9000e11fc0007ebfe9ed0737feebfff600,0202A9A000FAA103005A581155CE29EFA761CC1CDC22467F9000E11FC0007EBFE9ED0737FEEBFFF600,
2026-07-14T14:16:18.550118+00:00,36.985499,valid,2714,251,2845835515,41319,41,hex,CAM,0202a9a000fba167005a581155ce29efa761cc1cdc22467f9000e11fc0007ebfe9ed0737feebfff600,0202A9A000FBA167005A581155CE29EFA761CC1CDC22467F9000E11FC0007EBFE9ED0737FEEBFFF600,
2026-07-14T14:16:18.642085+00:00,37.077470,valid,2714,252,2845835516,41419,41,hex,CAM,0202a9a000fca1cb005a581155ce29efa761cc1cdc22467f9000e11fc0007ebfe9ed0737feebfff600,0202A9A000FCA1CB005A581155CE29EFA761CC1CDC22467F9000E11FC0007EBFE9ED0737FEEBFFF600,
2026-07-14T14:16:18.744168+00:00,37.179548,valid,2714,253,2845835517,41519,41,hex,CAM,0202a9a000fda22f005a581155ce29efa761cc1cdc22467f9000e11fc0007ebfe9ed0737feebfff600,0202A9A000FDA22F005A581155CE29EFA761CC1CDC22467F9000E11FC0007EBFE9ED0737FEEBFFF600,
2026-07-14T14:16:18.846097+00:00,37.281477,valid,2714,254,2845835518,41619,41,hex,CAM,0202a9a000fea293005a581155ce29efa761cc1cdc22467f9000e11fc0007ebfe9ed0737feebfff600,0202A9A000FEA293005A581155CE29EFA761CC1CDC22467F9000E11FC0007EBFE9ED0737FEEBFFF600,
2026-07-14T14:16:18.948185+00:00,37.383564,valid,2714,255,2845835519,41719,41,hex,CAM,0202a9a000ffa2f7005a581155ce29efa761cc1cdc22467f9000e11fc0007ebfe9ed0737feebfff600,0202A9A000FFA2F7005A581155CE29EFA761CC1CDC22467F9000E11FC0007EBFE9ED0737FEEBFFF600,
2026-07-14T14:16:19.050162+00:00,37.485543,valid,2714,256,2845835520,41819,41,hex,CAM,0202a9a00100a35b005a581155ce29efa761cc1cdc22467f9000e11fc0007ebfe9ed0737feebfff600,0202A9A00100A35B005A581155CE29EFA761CC1CDC22467F9000E11FC0007EBFE9ED0737FEEBFFF600,
2026-07-14T14:16:19.142147+00:00,37.577528,valid,2714,257,2845835521,41919,41,hex,CAM,0202a9a00101a3bf005a581155ce29efa761cc1cdc22467f9000e11fc0007ebfe9ed0737feebfff600,0202A9A00101A3BF005A581155CE29EFA761CC1CDC22467F9000E11FC0007EBFE9ED0737FEEBFFF600,
2026-07-14T14:16:19.244076+00:00,37.679456,valid,2714,258,2845835522,42019,41,hex,CAM,0202a9a00102a423005a581155ce29efa761cc1cdc22467f9000e11fc0007ebfe9ed0737feebfff600,0202A9A00102A423005A581155CE29EFA761CC1CDC22467F9000E11FC0007EBFE9ED0737FEEBFFF600,
2026-07-14T14:16:19.346053+00:00,37.781434,valid,2714,259,2845835523,42119,41,hex,CAM,0202a9a00103a487005a581155ce29efa761cc1cdc22467f9000e11fc0007ebfe9ed0737feebfff600,0202A9A00103A487005A581155CE29EFA761CC1CDC22467F9000E11FC0007EBFE9ED0737FEEBFFF600,
2026-07-14T14:16:19.448870+00:00,37.884252,valid,2714,260,2845835524,42219,41,hex,CAM,0202a9a00104a4eb005a581155ce29efa761cc1cdc22467f9000e11fc0007ebfe9ed0737feebfff600,0202A9A00104A4EB005A581155CE29EFA761CC1CDC22467F9000E11FC0007EBFE9ED0737FEEBFFF600,
2026-07-14T14:16:19.550153+00:00,37.985534,valid,2714,261,2845835525,42319,41,hex,CAM,0202a9a00105a54f005a581155ce29efa761cc1cdc22467f9000e11fc0007ebfe9ed0737feebfff600,0202A9A00105A54F005A581155CE29EFA761CC1CDC22467F9000E11FC0007EBFE9ED0737FEEBFFF600,
2026-07-14T14:16:19.643900+00:00,38.079295,valid,2714,262,2845835526,42419,41,hex,CAM,0202a9a00106a5b3005a581155ce29efa761cc1cdc22467f9000e11fc0007ebfe9ed0737feebfff600,0202A9A00106A5B3005A581155CE29EFA761CC1CDC22467F9000E11FC0007EBFE9ED0737FEEBFFF600,
2026-07-14T14:16:19.745857+00:00,38.181252,valid,2714,263,2845835527,42519,41,hex,CAM,0202a9a00107a617005a581155ce29efa761cc1cdc22467f9000e11fc0007ebfe9ed0737feebfff600,0202A9A00107A617005A581155CE29EFA761CC1CDC22467F9000E11FC0007EBFE9ED0737FEEBFFF600,
2026-07-14T14:16:19.847960+00:00,38.283348,valid,2714,264,2845835528,42619,41,hex,CAM,0202a9a00108a67b005a581155ce29efa761cc1cdc22467f9000e11fc0007ebfe9ed0737feebfff600,0202A9A00108A67B005A581155CE29EFA761CC1CDC22467F9000E11FC0007EBFE9ED0737FEEBFFF600,
2026-07-14T14:16:19.949704+00:00,38.385095,valid,2714,265,2845835529,42719,41,hex,CAM,0202a9a00109a6df005a581155ce29efa761cc1cdc22467f9000e11fc0007ebfe9ed0737feebfff600,0202A9A00109A6DF005A581155CE29EFA761CC1CDC22467F9000E11FC0007EBFE9ED0737FEEBFFF600,
2026-07-14T14:16:20.051987+00:00,38.487376,valid,2714,266,2845835530,42819,41,hex,CAM,0202a9a0010aa743005a581155ce29efa761cc1cdc22467f9000e11fc0007ebfe9ed0737feebfff600,0202A9A0010AA743005A581155CE29EFA761CC1CDC22467F9000E11FC0007EBFE9ED0737FEEBFFF600,
2026-07-14T14:16:20.142161+00:00,38.577541,valid,2714,267,2845835531,42919,41,hex,CAM,0202a9a0010ba7a7005a581155ce29efa761cc1cdc22467f9000e11fc0007ebfe9ed0737feebfff600,0202A9A0010BA7A7005A581155CE29EFA761CC1CDC22467F9000E11FC0007EBFE9ED0737FEEBFFF600,
2026-07-14T14:16:20.243673+00:00,38.679043,valid,2714,268,2845835532,43019,41,hex,CAM,0202a9a0010ca80b005a581155ce29efa761cc1cdc22467f9000e11fc0007ebfe9ed0737feebfff600,0202A9A0010CA80B005A581155CE29EFA761CC1CDC22467F9000E11FC0007EBFE9ED0737FEEBFFF600,
2026-07-14T14:16:20.347578+00:00,38.782967,valid,2714,269,2845835533,43119,41,hex,CAM,0202a9a0010da86f005a581155ce29efa761cc1cdc22467f9000e11fc0007ebfe9ed0737feebfff600,0202A9A0010DA86F005A581155CE29EFA761CC1CDC22467F9000E11FC0007EBFE9ED0737FEEBFFF600,
2026-07-14T14:16:20.448856+00:00,38.884238,valid,2714,270,2845835534,43219,41,hex,CAM,0202a9a0010ea8d3005a581155ce29efa761cc1cdc22467f9000e11fc0007ebfe9ed0737feebfff600,0202A9A0010EA8D3005A581155CE29EFA761CC1CDC22467F9000E11FC0007EBFE9ED0737FEEBFFF600,
2026-07-14T14:16:20.550209+00:00,38.985592,valid,2714,271,2845835535,43319,41,hex,CAM,0202a9a0010fa937005a581155ce29efa761cc1cdc22467f9000e11fc0007ebfe9ed0737feebfff600,0202A9A0010FA937005A581155CE29EFA761CC1CDC22467F9000E11FC0007EBFE9ED0737FEEBFFF600,
2026-07-14T14:16:20.642057+00:00,39.077439,valid,2714,272,2845835536,43419,41,hex,CAM,0202a9a00110a99b005a581155ce29efa761cc1cdc22467f9000e11fc0007ebfe9ed0737feebfff600,0202A9A00110A99B005A581155CE29EFA761CC1CDC22467F9000E11FC0007EBFE9ED0737FEEBFFF600,
2026-07-14T14:16:20.745730+00:00,39.181124,valid,2714,273,2845835537,43519,41,hex,CAM,0202a9a00111a9ff005a581155ce29efa761cc1cdc22467f9000e11fc0007ebfe9ed0737feebfff600,0202A9A00111A9FF005A581155CE29EFA761CC1CDC22467F9000E11FC0007EBFE9ED0737FEEBFFF600,
2026-07-14T14:16:20.847617+00:00,39.283087,valid,2714,274,2845835538,43619,41,hex,CAM,0202a9a00112aa63005a581155ce29efa761cc1cdc22467f9000e11fc0007ebfe9ed0737feebfff600,0202A9A00112AA63005A581155CE29EFA761CC1CDC22467F9000E11FC0007EBFE9ED0737FEEBFFF600,
2026-07-14T14:16:20.948065+00:00,39.383446,valid,2714,275,2845835539,43719,41,hex,CAM,0202a9a00113aac7005a581155ce29efa761cc1cdc22467f9000e11fc0007ebfe9ed0737feebfff600,0202A9A00113AAC7005A581155CE29EFA761CC1CDC22467F9000E11FC0007EBFE9ED0737FEEBFFF600,
2026-07-14T14:16:21.049294+00:00,39.484661,valid,2714,276,2845835540,43819,41,hex,CAM,0202a9a00114ab2b005a581155ce29efa761cc1cdc22467f9000e11fc0007ebfe9ed0737feebfff600,0202A9A00114AB2B005A581155CE29EFA761CC1CDC22467F9000E11FC0007EBFE9ED0737FEEBFFF600,
2026-07-14T14:16:21.141970+00:00,39.577349,valid,2714,277,2845835541,43919,41,hex,CAM,0202a9a00115ab8f005a581155ce29efa761cc1cdc22467f9000e11fc0007ebfe9ed0737feebfff600,0202A9A00115AB8F005A581155CE29EFA761CC1CDC22467F9000E11FC0007EBFE9ED0737FEEBFFF600,
2026-07-14T14:16:21.243250+00:00,39.678616,valid,2714,278,2845835542,44019,41,hex,CAM,0202a9a00116abf3005a581155ce29efa761cc1cdc22467f9000e11fc0007ebfe9ed0737feebfff600,0202A9A00116ABF3005A581155CE29EFA761CC1CDC22467F9000E11FC0007EBFE9ED0737FEEBFFF600,
2026-07-14T14:16:21.346115+00:00,39.781497,valid,2714,279,2845835543,44119,41,hex,CAM,0202a9a00117ac57005a581155ce29efa761cc1cdc22467f9000e11fc0007ebfe9ed0737feebfff600,0202A9A00117AC57005A581155CE29EFA761CC1CDC22467F9000E11FC0007EBFE9ED0737FEEBFFF600,
2026-07-14T14:16:21.448374+00:00,39.883758,valid,2714,280,2845835544,44219,41,hex,CAM,0202a9a00118acbb005a581155ce29efa761cc1cdc22467f9000e11fc0007ebfe9ed0737feebfff600,0202A9A00118ACBB005A581155CE29EFA761CC1CDC22467F9000E11FC0007EBFE9ED0737FEEBFFF600,
2026-07-14T14:16:21.550073+00:00,39.985454,valid,2714,281,2845835545,44319,41,hex,CAM,0202a9a00119ad1f005a581155ce29efa761cc1cdc22467f9000e11fc0007ebfe9ed0737feebfff600,0202A9A00119AD1F005A581155CE29EFA761CC1CDC22467F9000E11FC0007EBFE9ED0737FEEBFFF600,
2026-07-14T14:16:21.643591+00:00,40.078997,valid,2714,282,2845835546,44419,41,hex,CAM,0202a9a0011aad83005a581155ce29efa761cc1cdc22467f9000e11fc0007ebfe9ed0737feebfff600,0202A9A0011AAD83005A581155CE29EFA761CC1CDC22467F9000E11FC0007EBFE9ED0737FEEBFFF600,
2026-07-14T14:16:21.743360+00:00,40.178724,valid,2714,283,2845835547,44519,41,hex,CAM,0202a9a0011bade7005a581155ce29efa761cc1cdc22467f9000e11fc0007ebfe9ed0737feebfff600,0202A9A0011BADE7005A581155CE29EFA761CC1CDC22467F9000E11FC0007EBFE9ED0737FEEBFFF600,
2026-07-14T14:16:21.846836+00:00,40.282218,valid,2714,284,2845835548,44619,41,hex,CAM,0202a9a0011cae4b005a581155ce29efa761cc1cdc22467f9000e11fc0007ebfe9ed0737feebfff600,0202A9A0011CAE4B005A581155CE29EFA761CC1CDC22467F9000E11FC0007EBFE9ED0737FEEBFFF600,
2026-07-14T14:16:21.947500+00:00,40.382870,valid,2714,285,2845835549,44719,41,hex,CAM,0202a9a0011daeaf005a581155ce29efa761cc1cdc22467f9000e11fc0007ebfe9ed0737feebfff600,0202A9A0011DAEAF005A581155CE29EFA761CC1CDC22467F9000E11FC0007EBFE9ED0737FEEBFFF600,
2026-07-14T14:16:22.050078+00:00,40.485459,valid,2714,286,2845835550,44818,41,hex,CAM,0202a9a0011eaf12005a581155ce29efa761cc1cdc22467f9000e11fc0007ebfe9ed0737feebfff600,0202A9A0011EAF12005A581155CE29EFA761CC1CDC22467F9000E11FC0007EBFE9ED0737FEEBFFF600,
2026-07-14T14:16:22.142059+00:00,40.577441,valid,2714,287,2845835551,44919,41,hex,CAM,0202a9a0011faf77005a581155ce29efa761cc1cdc22467f9000e11fc0007ebfe9ed0737feebfff600,0202A9A0011FAF77005A581155CE29EFA761CC1CDC22467F9000E11FC0007EBFE9ED0737FEEBFFF600,
2026-07-14T14:16:22.244163+00:00,40.679545,valid,2714,288,2845835552,45019,41,hex,CAM,0202a9a00120afdb005a581155ce29efa761cc1cdc22467f9000e11fc0007ebfe9ed0737feebfff600,0202A9A00120AFDB005A581155CE29EFA761CC1CDC22467F9000E11FC0007EBFE9ED0737FEEBFFF600,
2026-07-14T14:16:22.346135+00:00,40.781517,valid,2714,289,2845835553,45119,41,hex,CAM,0202a9a00121b03f005a581155ce29efa761cc1cdc22467f9000e11fc0007ebfe9ed0737feebfff600,0202A9A00121B03F005A581155CE29EFA761CC1CDC22467F9000E11FC0007EBFE9ED0737FEEBFFF600,
2026-07-14T14:16:22.448080+00:00,40.883461,valid,2714,290,2845835554,45219,41,hex,CAM,0202a9a00122b0a3005a581155ce29efa761cc1cdc22467f9000e11fc0007ebfe9ed0737feebfff600,0202A9A00122B0A3005A581155CE29EFA761CC1CDC22467F9000E11FC0007EBFE9ED0737FEEBFFF600,
2026-07-14T14:16:22.550078+00:00,40.985457,valid,2714,291,2845835555,45319,41,hex,CAM,0202a9a00123b107005a581155ce29efa761cc1cdc22467f9000e11fc0007ebfe9ed0737feebfff600,0202A9A00123B107005A581155CE29EFA761CC1CDC22467F9000E11FC0007EBFE9ED0737FEEBFFF600,
2026-07-14T14:16:22.642067+00:00,41.077447,valid,2714,292,2845835556,45419,41,hex,CAM,0202a9a00124b16b005a581155ce29efa761cc1cdc22467f9000e11fc0007ebfe9ed0737feebfff600,0202A9A00124B16B005A581155CE29EFA761CC1CDC22467F9000E11FC0007EBFE9ED0737FEEBFFF600,
2026-07-14T14:16:22.744055+00:00,41.179437,valid,2714,293,2845835557,45519,41,hex,CAM,0202a9a00125b1cf005a581155ce29efa761cc1cdc22467f9000e11fc0007ebfe9ed0737feebfff600,0202A9A00125B1CF005A581155CE29EFA761CC1CDC22467F9000E11FC0007EBFE9ED0737FEEBFFF600,
2026-07-14T14:16:22.846064+00:00,41.281443,valid,2714,294,2845835558,45619,41,hex,CAM,0202a9a00126b233005a581155ce29efa761cc1cdc22467f9000e11fc0007ebfe9ed0737feebfff600,0202A9A00126B233005A581155CE29EFA761CC1CDC22467F9000E11FC0007EBFE9ED0737FEEBFFF600,
2026-07-14T14:16:22.948066+00:00,41.383445,valid,2714,295,2845835559,45719,41,hex,CAM,0202a9a00127b297005a581155ce29efa761cc1cdc22467f9000e11fc0007ebfe9ed0737feebfff600,0202A9A00127B297005A581155CE29EFA761CC1CDC22467F9000E11FC0007EBFE9ED0737FEEBFFF600,
2026-07-14T14:16:23.049874+00:00,41.485243,valid,2714,296,2845835560,45819,41,hex,CAM,0202a9a00128b2fb005a581155ce29efa761cc1cdc22467f9000e11fc0007ebfe9ed0737feebfff600,0202A9A00128B2FB005A581155CE29EFA761CC1CDC22467F9000E11FC0007EBFE9ED0737FEEBFFF600,
2026-07-14T14:16:23.141895+00:00,41.577263,valid,2714,297,2845835561,45919,41,hex,CAM,0202a9a00129b35f005a581155ce29efa761cc1cdc22467f9000e11fc0007ebfe9ed0737feebfff600,0202A9A00129B35F005A581155CE29EFA761CC1CDC22467F9000E11FC0007EBFE9ED0737FEEBFFF600,
2026-07-14T14:16:23.244166+00:00,41.679546,valid,2714,298,2845835562,46019,41,hex,CAM,0202a9a0012ab3c3005a581155ce29efa761cc1cdc22467f9000e11fc0007ebfe9ed0737feebfff600,0202A9A0012AB3C3005A581155CE29EFA761CC1CDC22467F9000E11FC0007EBFE9ED0737FEEBFFF600,
2026-07-14T14:16:23.345234+00:00,41.780598,valid,2714,299,2845835563,46119,41,hex,CAM,0202a9a0012bb427005a581155ce29efa761cc1cdc22467f9000e11fc0007ebfe9ed0737feebfff600,0202A9A0012BB427005A581155CE29EFA761CC1CDC22467F9000E11FC0007EBFE9ED0737FEEBFFF600,
2026-07-14T14:16:23.448067+00:00,41.883447,valid,2714,300,2845835564,46219,41,hex,CAM,0202a9a0012cb48b005a581155ce29efa761cc1cdc22467f9000e11fc0007ebfe9ed0737feebfff600,0202A9A0012CB48B005A581155CE29EFA761CC1CDC22467F9000E11FC0007EBFE9ED0737FEEBFFF600,
